split,image,label,horse_exists,horse_conf,head_exists,head_conf,grass_exists,grass_conf,water_exists,water_conf,lying_horse_exists,lying_horse_conf,horse_cx,horse_cy,horse_w,horse_h,head_cx,head_cy,head_w,head_h,grass_cx,grass_cy,grass_w,grass_h,water_cx,water_cy,water_w,water_h,lying_horse_cx,lying_horse_cy,lying_horse_w,lying_horse_h,head_rel_x,head_rel_y,head_in_horse,head_out_left,head_out_right,head_out_top,head_out_bottom,head_to_grass_dist,head_to_water_dist,head_grass_overlap,head_water_overlap,grass_in_feed_region,head_area_ratio_to_horse,grass_area_ratio_to_horse,water_area_ratio_to_horse,head_y_ratio,head_front_edge_ratio,head_bottom_to_horse_bottom
train,dataset/images/train/images1_frame_00000.jpg,standing,1,0.8596473932266235,1,0.7196015119552612,1,0.8634876608848572,1,0.8737776279449463,0,-1,0.4990606149037679,0.5545237082022207,0.2540500958760579,0.22538839269567418,0.4063014030456543,0.5228771209716797,0.06489302317301432,0.1376269022623698,0.45799551010131834,0.33933690388997395,0.035843849182128906,0.11505194769965278,0.38868122100830077,0.7203291433828848,0.04674313863118489,0.08835307933666088,-1,-1,-1,-1,-0.3651217352949457,-0.1404091260070842,1,0,0,0,0,0.11546021660779894,0.11245575383622805,0.0,0.0,0,0.15597336157042627,0.07202076114109646,0.07212546914775265,0.5228771209716797,0.1348782647050543,0.33509858934560327
train,dataset/images/train/images1_frame_00001.jpg,standing,1,0.8651439547538757,1,0.9226107001304626,1,0.17370085418224335,1,0.8752857446670532,0,-1,0.5009868144989014,0.5531709600377965,0.25908708572387695,0.22198675650137442,0.4054314136505127,0.5220103652388961,0.06729612350463868,0.14145742345739293,0.45472240447998047,0.35547160395869504,0.03730786641438802,0.11409793429904513,0.3889026641845703,0.721451653374566,0.0474456787109375,0.0890433982566551,-1,-1,-1,-1,-0.3688157616247504,-0.1403714135474002,1,0,0,0,0,0.10585452013051225,0.11339680929206315,0.0,0.0,0,0.16551713481168775,0.07401254926082443,0.07345570952360406,0.5220103652388961,0.13118423837524962,0.3217546057548211
train,dataset/images/train/images1_frame_00002.jpg,standing,1,0.8620679974555969,1,0.9537506699562073,1,0.4458412230014801,1,0.8704529404640198,0,-1,0.4992530345916748,0.538946349532516,0.25552759170532224,0.24214762934932002,0.41051851908365883,0.49868332191749853,0.07128028869628907,0.1466408341019242,0.45555791854858396,0.35232033906159577,0.03743788401285807,0.1167472274215133,0.38913803100585936,0.7206602308485243,0.046405601501464847,0.0903350830078125,-1,-1,-1,-1,-0.3472600157025146,-0.16627471317067605,1,0,0,0,0,0.09384370533327903,0.12667930821471599,0.0,0.0,0,0.16892983146841545,0.07063823618326474,0.06774992687559464,0.49868332191749853,0.1527399842974854,0.36348249815712036
train,dataset/images/train/images1_frame_00005.jpg,standing,1,0.8689004182815552,1,0.9587610363960266,1,0.8576472401618958,1,0.8745049238204956,0,-1,0.5206660747528076,0.5554449293348525,0.262007999420166,0.22960628933376737,0.42802584966023766,0.5114369003861039,0.07403278350830078,0.1521725407353154,0.4577286720275879,0.34037146391691986,0.034415817260742186,0.10876411155418113,0.38888250986735023,0.7207331622088397,0.04721412658691406,0.0903543542932581,-1,-1,-1,-1,-0.353577849903768,-0.19166734968995666,0,0,0,1,0,0.10070439468733897,0.12406592267140927,0.0,0.0,0,0.18726733893139177,0.06222220145734238,0.0709124867861123,0.5114369003861039,0.14642215009623202,0.36029023197932275
train,dataset/images/train/images1_frame_00006.jpg,standing,1,0.8662846088409424,1,0.911065399646759,1,0.06802200525999069,1,0.8853799700737,0,-1,0.5101349671681722,0.5568431289107711,0.24616734186808267,0.22804393061885128,0.42565226554870605,0.525249014960395,0.07167901992797851,0.1491011725531684,0.42764711380004883,0.5357100734004268,0.07443663279215494,0.14045412981951677,0.38914572397867836,0.7205756293402777,0.04746246337890625,0.09085331669560186,-1,-1,-1,-1,-0.3431921593593806,-0.13854398082263378,1,0,0,0,0,0.00621328737537209,0.1157774273813831,0.8930997194794587,0.0,1,0.1903812452965663,0.18623970647573748,0.07681430530557365,0.525249014960395,0.15680784064061945,0.31163071426792427
train,dataset/images/train/images1_frame_00007.jpg,standing,1,0.8925449848175049,1,0.9622421860694885,1,0.1226576417684555,1,0.8780276775360107,0,-1,0.504480489095052,0.5615183653654876,0.2485057830810547,0.22380865591543692,0.4147363503774007,0.5389512803819444,0.06610358556111653,0.1352718777126736,0.45193910598754883,0.3681770465992115,0.03959878285725912,0.12374163027162906,0.3892253557840983,0.7213825084544995,0.04649066925048828,0.08952224166304977,-1,-1,-1,-1,-0.3611350110447115,-0.1008320473184459,1,0,0,0,0,0.10301294061699454,0.10574107836584215,0.0,0.0,0,0.16077523629172136,0.08810170065729425,0.07483131337625605,0.5389512803819444,0.13886498895528848,0.2986277443629242
train,dataset/images/train/images1_frame_00008.jpg,standing,1,0.8490995764732361,1,0.9326102137565613,1,0.20734696090221405,1,0.872187077999115,0,-1,0.5184534708658854,0.5515902060049551,0.231829833984375,0.23983897456416378,0.447174596786499,0.512533046581127,0.08727693557739258,0.16290432965313947,0.4533077716827393,0.3542414629900897,0.03580617904663086,0.11376088460286458,0.3889944553375244,0.720865461561415,0.04607934951782226,0.08914744059244792,-1,-1,-1,-1,-0.30746204168092744,-0.16284742500589378,0,0,0,1,0,0.08924999811535454,0.13083469701728528,0.0,0.0,0,0.2557072451091873,0.07325914682628794,0.07387987228260534,0.512533046581127,0.19253795831907256,0.3232355459333415
train,dataset/images/train/images1_frame_00009.jpg,standing,1,0.9372437596321106,1,0.9469475746154785,1,0.08870019763708115,1,0.3241919279098511,0,-1,0.47179574966430665,0.5987742106119792,0.31068528493245445,0.47172953287760416,0.34747039477030434,0.4316314979835793,0.0736927350362142,0.13559722900390625,0.4495578130086263,0.35335125393337674,0.04369659423828125,0.13241300229673034,0.5034966468811035,0.5349608809859664,0.05185756683349609,0.09358644838686343,-1,-1,-1,-1,-0.40016492870279213,-0.35431894969307987,0,1,0,0,0,0.11117874845600226,0.16650059658472907,0.0,0.0,0,0.06818074452801158,0.039478847979650615,0.03311397765114016,0.4316314979835793,0.09983507129720788,0.7105954603275236
train,dataset/images/train/images1_frame_00010.jpg,standing,1,0.9180399179458618,1,0.8138065338134766,1,0.12530167400836945,1,0.8682740330696106,0,-1,0.44781036376953126,0.6016388787163629,0.3547374725341797,0.4430421617296007,0.30968484878540037,0.4488714571352358,0.07887840270996094,0.14057789555302372,0.4487137317657471,0.35440182156032984,0.04576444625854492,0.13824643735532408,0.3886385599772135,0.7206978409378617,0.047458648681640625,0.09414000334563079,-1,-1,-1,-1,-0.3893739051512867,-0.3448146356652274,0,1,0,1,0,0.14883817283280734,0.172083742289297,0.0,0.0,0,0.07055422412489437,0.04025594584977059,0.0284274204361465,0.4488714571352358,0.11062609484871327,0.6861639386252222
train,dataset/images/train/images1_frame_00012.jpg,eating,1,0.9449623227119446,1,0.7314022779464722,1,0.16202545166015625,1,0.8747669458389282,0,-1,0.5145919164021809,0.6371483696831597,0.23211898803710937,0.3684166802300347,0.42496423721313475,0.5209535386827256,0.045294761657714844,0.09806145562065972,0.42462759017944335,0.5197560769540293,0.046444129943847653,0.10099032366717303,0.38932056427001954,0.7221572875976563,0.042742347717285155,0.08547871907552083,-1,-1,-1,-1,-0.38612816619171736,-0.3153897128867332,1,0,0,0,0,0.0007530144514356966,0.11865719265683318,1.0,0.0,1,0.05193933214103909,0.05484798058886764,0.042723460787975294,0.5209535386827256,0.11387183380828263,0.6823047293845863
train,dataset/images/train/images1_frame_00015.jpg,eating,1,0.9379103183746338,1,0.6835405826568604,1,0.1753300279378891,1,0.872056782245636,0,-1,0.5272408485412597,0.6392095636438441,0.19655094146728516,0.3805005956579138,0.44883473714192706,0.49037034776475696,0.03407554626464844,0.07297329372829861,0.4482274055480957,0.4897639097990813,0.03320636749267578,0.0731165850604022,0.3891657511393229,0.7227162679036458,0.04253997802734375,0.084698486328125,-1,-1,-1,-1,-0.39890987452931104,-0.3911668406766435,1,0,0,0,0,0.0006965740765886172,0.14367136510932302,0.9623186875614993,0.0,1,0.03324882532724105,0.032464356574569406,0.048177298188983156,0.49037034776475696,0.10109012547068895,0.7952756718308729
train,dataset/images/train/images1_frame_00016.jpg,eating,1,0.908086895942688,1,0.9615893363952637,1,0.6763157844543457,1,0.8553050756454468,0,-1,0.5262296040852864,0.6270002153184678,0.20022544860839844,0.4028914557562934,0.4450635592142741,0.47588460003888167,0.036515235900878906,0.07733733565719039,0.44514967600504557,0.4748950393111617,0.03882102966308594,0.0794346844708478,0.3891417185465495,0.7225758870442708,0.042266845703125,0.08702867296006944,-1,-1,-1,-1,-0.4053732701568679,-0.3750777364983266,1,0,0,0,0,0.0005632501496774981,0.1496083488193657,1.0,0.0,1,0.035007087830200075,0.03822697145731851,0.04559895259987634,0.47588460003888167,0.0946267298431321,0.7790998564114735
train,dataset/images/train/images1_frame_00018.jpg,eating,1,0.9197810292243958,1,0.8114650845527649,1,0.060347240418195724,1,0.8571723103523254,0,-1,0.5051090558369954,0.6529209560818142,0.2404012680053711,0.3837648179796007,0.4129995822906494,0.5505243937174479,0.046039676666259764,0.09066557707609954,0.4176753203074137,0.5551273769802517,0.05370041529337565,0.10844472249348959,0.3891907533009847,0.7214657818829572,0.04329334894816081,0.08565639919704861,-1,-1,-1,-1,-0.38314886735243053,-0.2668211299395592,1,0,0,0,0,0.005344751552593771,0.09905833705204005,0.9816382571638278,0.0,1,0.04524522822258884,0.06312249465059404,0.04019565256153383,0.5505243937174479,0.11685113264756948,0.648694646181323
train,dataset/images/train/images1_frame_00019.jpg,eating,1,0.8974589705467224,1,0.7957439422607422,1,0.31575390696525574,1,0.8898932337760925,0,-1,0.528227710723877,0.6443085564507378,0.19889659881591798,0.4085864596896701,0.4527642567952474,0.4883261927851924,0.044397735595703126,0.07989894725658275,0.4521636009216309,0.48682095562970196,0.046494674682617185,0.08256152117693866,0.3889796733856201,0.7217188517252604,0.04347448348999024,0.08641899956597222,-1,-1,-1,-1,-0.37941047950484164,-0.38176097118836794,1,0,0,0,0,0.0010381143605233678,0.1459582011774592,0.9978228724997604,0.0,1,0.04365063347019324,0.0472356148259949,0.04623089896375177,0.4883261927851924,0.12058952049515835,0.783986136313434
train,dataset/images/train/images1_frame_00020.jpg,eating,1,0.9127085208892822,1,0.9100201725959778,1,0.28033557534217834,1,0.8608484268188477,0,-1,0.5318333466847738,0.6534495883517795,0.19149052302042643,0.3934999254014757,0.4568760871887207,0.5136857209382234,0.03868598937988281,0.07875128851996528,0.45631659825642906,0.5164646713821976,0.04331264495849609,0.10183854279694733,0.3890596071879069,0.7215389675564237,0.04331137339274089,0.0857730441623264,-1,-1,-1,-1,-0.39144109229915947,-0.3551814330611611,1,0,0,0,0,0.0016602698207701491,0.13516199673030144,1.0,0.0,1,0.040431461186249476,0.058537603967768054,0.04930158020903942,0.5136857209382234,0.10855890770084055,0.7551162444342283
train,dataset/images/train/images1_frame_00021.jpg,standing,1,0.8707319498062134,1,0.8254534602165222,1,0.6016026735305786,1,0.9225707054138184,0,-1,0.5843728860219319,0.6512885623508029,0.1856111208597819,0.3802360534667969,0.5391249656677246,0.5270267910427517,0.10044689178466797,0.11610158284505208,0.45962347984313967,0.33310156928168405,0.02544679641723633,0.0786384865089699,0.45705556869506836,0.6062341478135851,0.07266387939453126,0.13659470169632523,-1,-1,-1,-1,-0.24377806752424847,-0.3268016543278741,0,1,0,0,0,0.13497990015314681,0.09338338796990718,0.0,0.018133445814241016,0,0.1652408255780231,0.02835378061193421,0.14063556016188797,0.5270267910427517,0.25622193247575153,0.6741312515787167
train,dataset/images/train/images1_frame_00022.jpg,drinking,1,0.8794779777526855,1,0.7952903509140015,1,0.1616716980934143,1,0.7285574674606323,0,-1,0.5468563238779703,0.6776751765498409,0.2518076260884603,0.3105916906286169,0.4614400863647461,0.5999718560112848,0.06214447021484375,0.1163379810474537,0.4442917346954346,0.5618083812572338,0.08403825759887695,0.20111581307870371,0.4574255625406901,0.6061935989945023,0.07157058715820312,0.14124552408854166,-1,-1,-1,-1,-0.33921227422722083,-0.2501783624065724,1,0,0,0,0,0.027475372656067976,0.005325834639096621,0.9002090136764309,1.0,1,0.09244114182869377,0.21610486655695815,0.12925595569037934,0.5999718560112848,0.16078772577277914,0.5628939234507307
train,dataset/images/train/images1_frame_00023.jpg,drinking,1,0.9067493081092834,1,0.6520969271659851,1,0.13003017008304596,1,0.15236708521842957,0,-1,0.5465497811635335,0.6701058281792535,0.24915863672892252,0.2983634666160301,0.46104798316955564,0.5947029961480035,0.058265972137451175,0.10632719816984953,0.4455421447753906,0.5715745713975694,0.07824821472167968,0.14318712022569444,0.45898752212524413,0.5983983922887731,0.06116809844970703,0.10851598668981481,-1,-1,-1,-1,-0.3431620878829955,-0.2527213967797452,1,0,0,0,0,0.020240660343172217,0.002926829082683899,0.8653463125024796,0.9653347054912981,1,0.08333698346302139,0.15071511243368002,0.08928882601986506,0.5947029961480035,0.15683791211700449,0.5745373862241162
train,dataset/images/train/images1_frame_00024.jpg,drinking,1,0.9107522964477539,1,0.344952255487442,1,0.07962531596422195,1,0.17395716905593872,0,-1,0.5455079714457194,0.6645704763906973,0.25001824696858727,0.30368205882884836,0.45792236328125,0.5831851535373264,0.054589271545410156,0.0928253173828125,0.4526835441589355,0.5767104819968895,0.059076881408691405,0.09524801748770255,0.4590003967285156,0.5864776611328125,0.056716664632161455,0.10691630045572917,-1,-1,-1,-1,-0.3503168637746421,-0.26799516299130055,1,0,0,0,0,0.006380392602762801,0.002142939964133518,0.8915450152696752,0.9997373677375774,1,0.06673949267104975,0.07411099866302708,0.07986633676745815,0.5831851535373264,0.1496831362253579,0.6151621017614178
train,dataset/images/train/images1_frame_00025.jpg,drinking,1,0.906316876411438,1,0.4729430675506592,1,0.20058727264404297,1,0.0886056125164032,0,-1,0.5418234825134277,0.6977236994990597,0.24015560150146484,0.3437524301034433,0.45511980056762696,0.584583028157552,0.049288368225097655,0.09058566623263889,0.4532872200012207,0.5824981972023293,0.05798486073811849,0.1089712072301794,0.4587603251139323,0.5910494769061053,0.05447883605957031,0.09725194860387731,-1,-1,-1,-1,-0.36103127057509804,-0.3291341716695961,1,0,0,0,0,0.0021756878593933325,0.0051462543150817466,1.0,0.9449364664360247,1,0.05408357923024648,0.07653989866014091,0.0641782150844235,0.584583028157552,0.13896872942490193,0.6973741340672736
train,dataset/images/train/images1_frame_00026.jpg,drinking,1,0.9132339358329773,1,0.41775575280189514,1,0.08904212713241577,1,0.1403357833623886,0,-1,0.5423501014709473,0.7026434439199942,0.24017810821533203,0.34247945149739584,0.4599885622660319,0.586826804832176,0.05436420440673828,0.08920491536458333,0.4492785453796387,0.5690195436830874,0.055942598978678384,0.0788240220811632,0.45954313278198244,0.5927138151945891,0.056143633524576825,0.09581061469184028,-1,-1,-1,-1,-0.3429185941088103,-0.33817105984444423,1,0,0,0,0,0.01466412031716451,0.003341266877322868,0.6067511052904857,0.9710311849047424,1,0.058956797277006846,0.05360845504397604,0.0653952498665441,0.586826804832176,0.15708140589118968,0.7079370925588746
train,dataset/images/train/images2_frame_00000.jpg,standing,1,0.9706103801727295,1,0.691777229309082,1,0.6232594847679138,1,0.9626446962356567,0,-1,0.5647933006286621,0.8412012736002604,0.2549596786499023,0.11498480902777777,0.474790096282959,0.849139404296875,0.08295955657958984,0.1006740993923611,0.4528948783874512,0.3525678140145761,0.03360424041748047,0.09640957867657697,0.40797231992085775,0.7180399859393084,0.07623999913533529,0.13811232955367478,-1,-1,-1,-1,-0.353009561442423,0.06903634283287723,0,1,0,0,1,0.2801783571965525,0.09951234922405029,0.0,0.0,0,0.2848867192567249,0.1105101826613195,0.35917273522015536,0.849139404296875,0.146990438557577,-0.00680764603189582
train,dataset/images/train/images2_frame_00002.jpg,standing,1,0.9300433397293091,1,0.4725242257118225,1,0.05631551146507263,1,0.970349907875061,0,-1,0.5411238829294841,0.8393363952636719,0.31500031153361,0.1245057847764757,0.4374318440755208,0.8282289293077257,0.10952949523925781,0.09349839952256944,0.4554980913798014,0.3610064471209491,0.043134117126464845,0.11063639322916667,0.4079998652140299,0.7167922691062645,0.07805213928222657,0.1371911508065683,-1,-1,-1,-1,-0.32918075016855797,-0.08921244885036732,0,1,0,0,0,0.2634328686973345,0.06924893561313555,0.0,0.024560673092160146,0,0.26111676086178937,0.12167977813127076,0.27303001732073934,0.8282289293077257,0.170819249831442,0.21373431468002968
train,dataset/images/train/images2_frame_00003.jpg,standing,1,0.903393030166626,1,0.5364042520523071,1,0.8820490837097168,1,0.9756684303283691,0,-1,0.5400025367736816,0.8373767428927952,0.30682481129964195,0.12334459092881944,0.42650156021118163,0.8231638590494792,0.08648223876953125,0.08311541521990741,0.451666259765625,0.3567972395155165,0.034275182088216144,0.09952282375759548,0.40718394915262857,0.7153956660517939,0.07710453669230143,0.13868272569444445,-1,-1,-1,-1,-0.3699211158371939,-0.11522908087244817,0,1,0,0,0,0.26353544907715887,0.06362316432811552,0.0,0.027212549449047083,0,0.1899319021758144,0.09013467053985154,0.28254766064068776,0.8231638590494792,0.1300788841628061,0.2783054484941454
train,dataset/images/train/images2_frame_00004.jpg,standing,1,0.9297162890434265,1,0.6310735940933228,1,0.8040354251861572,1,0.9296258687973022,0,-1,0.5411585172017416,0.8336444430881076,0.3083524703979492,0.1290374755859375,0.4262925306955973,0.8173923068576389,0.0770896593729655,0.08815827546296297,0.45029735565185547,0.3604815589057075,0.03353309631347656,0.10000313652886285,0.4072303136189779,0.714775707103588,0.07619972229003906,0.13598429361979167,-1,-1,-1,-1,-0.37251521402731774,-0.12594896294018873,1,0,0,0,0,0.2581308810932306,0.06078798095249881,0.0,0.08010841886502951,0,0.17080316830609918,0.08427989532032355,0.2604227063488762,0.8173923068576389,0.12748478597268229,0.2843494583673852
train,dataset/images/train/images2_frame_00006.jpg,standing,1,0.832477867603302,1,0.8965973854064941,1,0.9208781719207764,1,0.8700664043426514,0,-1,0.5373798688252767,0.8029147677951389,0.2830507278442383,0.19072096082899306,0.42873284022013347,0.7625511169433594,0.06626148223876953,0.09832644992404514,0.44977941513061526,0.3612173009801794,0.03363882700602214,0.10331353081597222,0.4039769967397054,0.7108981662326389,0.06767314275105794,0.13100631148726852,-1,-1,-1,-1,-0.38384295787761147,-0.21163720377840875,0,1,0,0,0,0.22672922923265781,0.038171092527412104,0.0,0.40825553424575545,0,0.12068930987011824,0.06437768352596861,0.164227492844443,0.7625511169433594,0.1161570421223885,0.4538615259067772
train,dataset/images/train/images2_frame_00007.jpg,lying,1,0.8091297149658203,1,0.8974877595901489,1,0.9180871248245239,1,0.9397478103637695,1,0.9743480682373047,0.5352006912231445,0.7351821899414063,0.13830108642578126,0.25830134639033564,0.47764949798583983,0.841231706407335,0.06564998626708984,0.06925269232855903,0.4493385314941406,0.3631215695981626,0.03273715972900391,0.09956241183810764,0.40832141240437825,0.7184522558141637,0.07584056854248047,0.13759330466941552,0.5336366494496664,0.7286042672616464,0.14495331446329754,0.28933382387514467,-0.4161297262707283,0.41056509363164767,0,1,0,0,1,0.27042299264416453,0.09785776580037284,0.0,0.0,0,0.1272679474617668,0.09123976211883433,0.2921101312826333,0.841231706407335,0.08387027372927171,-0.04461916128622907
train,dataset/images/train/images2_frame_00008.jpg,lying,1,0.8353524208068848,1,0.8293989300727844,1,0.8317044973373413,1,0.9573303461074829,1,0.9625225067138672,0.5349882443745931,0.7328777454517506,0.14037863413492838,0.25757384123625576,0.4781466484069824,0.8387500339084202,0.06344127655029297,0.0684650562427662,0.4498816808064779,0.3618678198920356,0.03261146545410156,0.10011774698893229,0.4083078861236572,0.717964991816768,0.0757826805114746,0.13712774206090855,0.5315028508504231,0.7272623697916667,0.1460119883219401,0.2858072916666667,-0.40491629169846444,0.4110366485529863,0,1,0,0,1,0.26973126729429564,0.09743465425326335,0.0,0.0,0,0.12012630404633588,0.090298100720736,0.2874038095736096,0.8387500339084202,0.09508370830153558,-0.04394039358035429
train,dataset/images/train/images2_frame_00009.jpg,lying,1,0.8091616034507751,1,0.9022762179374695,1,0.9094484448432922,1,0.9486013650894165,1,0.9800739884376526,0.5351183573404948,0.7355239868164063,0.1379224141438802,0.2549383092809607,0.4782400131225586,0.8411302354600695,0.06602115631103515,0.06787855360243056,0.4497091293334961,0.3626074049207899,0.03190765380859375,0.10081487584997106,0.4082948207855225,0.7180168716995804,0.07529745101928711,0.1373220373083044,0.5332286834716797,0.7293571472167969,0.14482777913411457,0.2858332316080729,-0.41239376914183723,0.4142423668750285,0,1,0,0,1,0.2706769504666019,0.09842798346068132,0.0,0.0,0,0.12745173572342422,0.09148492565012925,0.29406989132784606,0.8411302354600695,0.08760623085816278,-0.04736977678426942
train,dataset/images/train/images2_frame_00010.jpg,lying,1,0.8281120657920837,1,0.803040087223053,1,0.8827061653137207,1,0.9394690990447998,1,0.9637172222137451,0.5360686302185058,0.7410877369068287,0.13309446970621744,0.26247083875868055,0.48536272048950196,0.8519534640842014,0.07179908752441407,0.07488572862413194,0.4520710309346517,0.3559437080665871,0.03344707489013672,0.10041998404043692,0.40822819073994954,0.7183701974374277,0.07541354497273763,0.138701092755353,0.5332856019337971,0.7344306380660446,0.1414958635965983,0.2843915586118345,-0.38097683428115575,0.42239255111804713,0,1,0,0,1,0.2809846949454022,0.10768399866204881,0.0,0.0,0,0.15391357131598085,0.09614732842340791,0.29942507676675784,0.8519534640842014,0.11902316571884428,-0.0650478818555371
train,dataset/images/train/images2_frame_00011.jpg,lying,1,0.8284391760826111,1,0.6957249641418457,1,0.8518743515014648,1,0.94407057762146,1,0.9592157006263733,0.5368419965108235,0.7393051430031106,0.13412227630615234,0.26427165843822337,0.48641573588053383,0.8511419508192274,0.07138290405273437,0.07371504041883681,0.4498016357421875,0.3637287139892578,0.030776405334472658,0.09915644327799479,0.408490244547526,0.7178975988317419,0.07514152526855469,0.13820359971788193,0.5345293045043945,0.7327291700575087,0.14270477294921874,0.28787350124782984,-0.37597229944998034,0.4231888068400648,0,1,0,0,1,0.27660396140208415,0.10811973410824767,0.0,0.0,0,0.14845636227208983,0.08609686295744655,0.2929866659188717,0.8511419508192274,0.12402770055001965,-0.06265711164140726
train,dataset/images/train/images2_frame_00012.jpg,lying,1,0.8196238875389099,1,0.8362210988998413,1,0.8823067545890808,1,0.9554574489593506,1,0.9781640768051147,0.5355327606201172,0.7427909285933884,0.13246917724609375,0.25702542905454284,0.48411903381347654,0.8532780117458767,0.06624170939127604,0.06982574462890626,0.4499258041381836,0.36003663804796004,0.03263397216796875,0.0963483457212095,0.40771236419677737,0.7183372214988426,0.0741048812866211,0.1372402615017361,0.5328557173411052,0.7384327358669704,0.140283997853597,0.27596961127387154,-0.38811841271669645,0.4298682957515546,0,1,0,0,1,0.2795473501621125,0.10770063094860681,0.0,0.0,0,0.13584891528651935,0.09234710162648704,0.2987015120480124,0.8532780117458767,0.11188158728330358,-0.06570260772169174
train,dataset/images/train/images2_frame_00013.jpg,lying,1,0.812865674495697,1,0.7575429677963257,1,0.7969445586204529,1,0.9467635154724121,1,0.9692375063896179,0.5154231866200765,0.7652199921784577,0.12946755091349285,0.26914633291739004,0.46604418754577637,0.8861573961046006,0.06785345077514648,0.06601223415798611,0.4501193046569824,0.3612883673773872,0.032501602172851564,0.09746393274377893,0.40693864822387693,0.7202382970739294,0.07371883392333985,0.14229702419704862,0.5156783898671468,0.7589879353841146,0.1348378817240397,0.28112939905237266,-0.3814005804998506,0.4493369930596924,0,1,0,0,1,0.29566800273785826,0.11047107802673313,0.0,0.0,0,0.12854256772889042,0.09090741362057181,0.3010404643697447,0.8861573961046006,0.1185994195001494,-0.07196960232182088
train,dataset/images/train/images2_frame_00014.jpg,lying,1,0.748510479927063,1,0.593048095703125,1,0.8222204446792603,1,0.9411781430244446,1,0.9621063470840454,0.5173152923583985,0.7608205159505208,0.12091293334960937,0.2842524775752315,0.474763011932373,0.8801142374674479,0.0610504150390625,0.07158338758680556,0.44956083297729493,0.3586673030146846,0.030942090352376304,0.09481557210286458,0.4071273962656657,0.7142837524414063,0.07180134455362956,0.13818901909722223,0.517776346206665,0.7588434855143229,0.12954816818237305,0.29325346770109956,-0.35192496987058547,0.4196752216006782,0,1,0,0,1,0.29439462312800685,0.11522009028538117,0.0,0.0,0,0.1271521920625917,0.08535958673269736,0.2886882414496673,0.8801142374674479,0.1480750301294145,-0.045590373154388034
train,dataset/images/train/images2_frame_00015.jpg,lying,1,0.7112446427345276,1,0.6711965799331665,1,0.7964069247245789,1,0.947016179561615,1,0.9627635478973389,0.5175694465637207,0.760667391176577,0.12083568572998046,0.2849287810149016,0.47601957321166993,0.8787957085503473,0.06546459197998047,0.07607387966579861,0.45152740478515624,0.35720861929434317,0.033971405029296874,0.09924808078342014,0.40725369453430177,0.7155519556116174,0.0717585563659668,0.14019396746600116,0.5179627418518067,0.7587175722475406,0.12968387603759765,0.29430711534288195,-0.34385432665064,0.41458892623273536,0,1,0,0,1,0.2944132552266442,0.11471924538071426,0.0,0.0,0,0.1446473559859756,0.09792737102863887,0.2921941308962233,0.8787957085503473,0.15614567334936,-0.04808523256379005
train,dataset/images/train/images2_frame_00016.jpg,lying,1,0.7412090301513672,1,0.7042235136032104,1,0.7742030024528503,1,0.9457199573516846,1,0.9644408226013184,0.5165187040964763,0.7605326617205584,0.12239650090535482,0.284315264666522,0.47623982429504397,0.8797682020399306,0.06499605178833008,0.0756134033203125,0.45162846247355143,0.3588211907280816,0.03354930877685547,0.10144907633463542,0.4070826530456543,0.7168441772460937,0.07172164916992188,0.14267103407118056,0.5164870262145996,0.7536695692274306,0.13289114634195964,0.2834893120659722,-0.32908522305370985,0.4193779059285664,0,1,0,0,1,0.29406441267733385,0.11481061403038134,0.0,0.0,0,0.1412266255870532,0.09780532362823707,0.2940470973244594,0.8797682020399306,0.17091477694629015,-0.052352481544477615
train,dataset/images/train/images2_frame_00017.jpg,lying,1,0.7306747436523438,1,0.626013457775116,1,0.7823923826217651,1,0.9554853439331055,1,0.9540292024612427,0.5170468330383301,0.760538821750217,0.12174472808837891,0.2860105726453993,0.47829418182373046,0.8842056274414063,0.06745281219482421,0.07080202455873842,0.45209522247314454,0.35351138644748265,0.03400077819824219,0.09790491174768519,0.40684326489766437,0.7140764307092737,0.07207053502400716,0.13937948721426505,0.5179290135701498,0.7597888240107784,0.12881126403808593,0.2951721756546586,-0.31831071310511005,0.4323854343822227,0,1,0,0,1,0.2996629698768319,0.1194289670815376,0.0,0.0,0,0.13715558141011114,0.09560070299514205,0.28848574419353834,0.8842056274414063,0.18168928689488997,-0.05616062196334746
train,dataset/images/train/images2_frame_00018.jpg,lying,1,0.7267069816589355,1,0.46848762035369873,1,0.875923216342926,1,0.9560223817825317,1,0.9460009932518005,0.5182441711425781,0.7604862354419849,0.11881586710611979,0.28288201226128473,0.47763067881266275,0.881711663140191,0.06803169250488281,0.07449442545572917,0.450929069519043,0.35582088894314234,0.03272679646809896,0.09531182183159723,0.4072103500366211,0.7148818969726562,0.070928955078125,0.13932935926649306,0.5191062768300374,0.7596308390299479,0.12664086023966473,0.29224073621961805,-0.34181875972542985,0.4285370664934179,0,1,0,0,1,0.297016225998141,0.11732559619397691,0.0,0.0,0,0.15078400554239027,0.09280481129669975,0.2940264682593473,0.881711663140191,0.15818124027457015,-0.060207554942365606
train,dataset/images/train/images2_frame_00019.jpg,lying,1,0.7447596788406372,1,0.7156014442443848,1,0.8510391116142273,1,0.9590954780578613,1,0.9548481106758118,0.51739608446757,0.7607267591688368,0.11882899602254232,0.28683324743200234,0.4781821250915527,0.8831476282190394,0.06769809722900391,0.06991102430555556,0.4500114440917969,0.3593427870008681,0.03172588348388672,0.09641231960720487,0.40714826583862307,0.7139049953884549,0.07186622619628906,0.13933252405237267,0.5185006141662598,0.7596026667842158,0.12580509185791017,0.29562417489510995,-0.3300032878219236,0.4268015306671311,0,1,0,0,1,0.29598386507819485,0.11877985998290726,0.0,0.0,0,0.1388577774989643,0.08974170966491074,0.293782164908953,0.8831476282190394,0.16999671217807635,-0.048668547359693774
train,dataset/images/train/images2_frame_00020.jpg,lying,1,0.7401928305625916,1,0.6918531060218811,1,0.5854315161705017,1,0.9381253719329834,1,0.9408023953437805,0.5159196853637695,0.7589736090766059,0.12222709655761718,0.2861536661783854,0.4758577346801758,0.8801334804958767,0.06138445536295573,0.07122480604383681,0.4511270999908447,0.355467125221535,0.032227611541748045,0.09714510882342303,0.4072315216064453,0.7144779064037182,0.07189877827962239,0.13771424470124422,0.5169210275014241,0.7577230100278501,0.1290307680765788,0.2945254290545428,-0.3277665248696206,0.4234084191105242,0,1,0,0,1,0.2961591911963065,0.11572512439213657,0.0,0.0,0,0.12500370125337654,0.08951220376090274,0.28309589077985675,0.8801334804958767,0.17223347513037943,-0.04786044342852809
train,dataset/images/train/images2_frame_00021.jpg,lying,1,0.770128071308136,1,0.6812583804130554,1,0.06972450017929077,1,0.9149256944656372,1,0.9616125822067261,0.5202971776326497,0.7594719780815973,0.11941057840983073,0.282830810546875,0.47584028244018556,0.883220926920573,0.06548557281494141,0.06305609809027778,0.4449765205383301,0.38051346672905817,0.030115318298339844,0.09790827433268229,0.40756203333536783,0.7109021222149884,0.07115039825439454,0.13362562391493055,0.5179435729980468,0.7594871803566262,0.1279547373453776,0.2909549289279514,-0.37230282094340966,0.4375370158565739,0,1,0,0,1,0.2844523000268488,0.11856312183346869,0.0,0.0,0,0.1222652960201279,0.08730464155659123,0.2815124206427954,0.883220926920573,0.1276971790565903,-0.049010192997978666
train,dataset/images/train/images2_frame_00022.jpg,lying,1,0.8518039584159851,1,0.6805380582809448,1,0.0712089091539383,1,0.9048159122467041,1,0.950874388217926,0.5094630877176921,0.7178731282552083,0.12582200368245441,0.1952720359519676,0.4664155006408691,0.7180285983615451,0.05944328308105469,0.08351926450376157,0.45981721878051757,0.366835120872215,0.02844104766845703,0.10416477344654225,0.4064330101013184,0.7123894585503472,0.06992340087890625,0.1384110062210648,0.5081370035807292,0.7144415113661025,0.12719930013020833,0.21022084554036458,-0.34213083417003154,0.0007961718920933851,0,1,0,0,0,0.19765649559207224,0.06006630384619833,0.0,0.07908128886521591,0,0.20206579207557798,0.12057848213764244,0.39390955689205226,0.7180285983615451,0.15786916582996843,0.2853502056560329
train,dataset/images/train/images2_frame_00023.jpg,lying,1,0.8553217053413391,1,0.6814425587654114,1,0.066405288875103,1,0.9342515468597412,1,0.88876873254776,0.508359146118164,0.7188313802083334,0.126251220703125,0.19873453776041666,0.4660904884338379,0.7250573052300348,0.06141986846923828,0.08944430881076389,0.44287710189819335,0.3849801805284288,0.025986862182617188,0.08761647542317709,0.4065983772277832,0.71467855947989,0.0712310791015625,0.1411624484592014,0.506348991394043,0.7134627448187933,0.1285369873046875,0.21211734347873265,-0.33479801184433167,0.031327846140196416,0,1,0,0,0,0.19269670354753604,0.0597778726549889,0.0,0.11125654856731167,0,0.21895388701161328,0.09074666783257321,0.40075575830508414,0.7250573052300348,0.16520198815566836,0.24363751765934358
train,dataset/images/train/images2_frame_00025.jpg,lying,1,0.05061755329370499,1,0.6428720355033875,1,0.8345392942428589,1,0.9451348781585693,1,0.8982787132263184,0.18490606943766277,0.254601400869864,0.36981213887532555,0.509202801739728,0.46119022369384766,0.7492443508572049,0.058437347412109375,0.07907454879195602,0.4510937690734863,0.35696617409035014,0.03309364318847656,0.10051523844401042,0.40243234634399416,0.7183712712040654,0.06235504150390625,0.1358438562463831,0.5030644257863363,0.7114181518554688,0.13156773249308268,0.22159695095486112,0.7470932541490434,0.9714065757245594,0,0,1,0,1,0.2208873425626208,0.061270464610490884,0.0,0.027153188458114756,0,0.02453891010165513,0.017664629796744363,0.044982089680152194,0.7492443508572049,1.2470932541490434,-0.5490520133790578
train,dataset/images/train/images2_frame_00026.jpg,lying,1,0.853643536567688,1,0.8014261722564697,1,0.08095643669366837,1,0.9160845279693604,1,0.9494144320487976,0.5026606400807698,0.7173495822482638,0.13410641352335612,0.20842262550636573,0.45793673197428386,0.7536168416341146,0.05885772705078125,0.07820332845052083,0.4557440757751465,0.363840244434498,0.033254814147949216,0.10243323997214988,0.4021324157714844,0.7188059488932291,0.06134503682454427,0.13589794017650464,0.5026208877563476,0.7116063435872396,0.1321112314860026,0.22366547761140046,-0.33349566908443823,0.17400826468690178,0,1,0,0,0,0.21926029974591055,0.059140022387401806,0.0,0.06744029429235805,0,0.16467751839888756,0.12187118226228418,0.29826197898273055,0.7536168416341146,0.16650433091556177,0.1383841560962912
train,dataset/images/train/images2_frame_00027.jpg,standing,1,0.8537105917930603,1,0.7609503865242004,1,0.8549829721450806,1,0.9763078689575195,0,-1,0.5299795150756836,0.6571501837836371,0.16524620056152345,0.39591556125217015,0.467952299118042,0.7846542923538773,0.06969823837280273,0.14015638563368055,0.4512296676635742,0.36070932458948207,0.033734703063964845,0.09622175428602431,0.40074206988016764,0.7719366568106192,0.06974484125773112,0.16576707628038195,-1,-1,-1,-1,-0.375362433428828,0.3220487423302594,0,1,0,0,0,0.23905466220991686,0.06758986542801777,0.0,0.03603119154834375,0,0.14931403652091782,0.049615355543115656,0.17671617929984812,0.7846542923538773,0.124637566571172,0.0009483821192000988
train,dataset/images/train/images2_frame_00028.jpg,standing,1,0.8528885841369629,1,0.7700738310813904,1,0.7999522686004639,1,0.06261467933654785,0,-1,0.5121452331542968,0.596540281507704,0.21036109924316407,0.26903661092122394,0.41566853523254393,0.7123118930392796,0.06272878646850585,0.08796946207682292,0.4513770580291748,0.3571999867757161,0.03400278091430664,0.09520628187391493,0.4097479820251465,0.7276251898871527,0.07382068634033204,0.11365379050925926,-1,-1,-1,-1,-0.4586242336099984,0.43031917156239513,0,1,0,0,1,0.202917076132549,0.01045223831451115,0.0,0.9661051595676744,0,0.0975039044972641,0.057200948068986054,0.1482467524278845,0.7123118930392796,0.041375766390001616,-0.0938089318883254
train,dataset/images/train/images2_frame_00029.jpg,standing,1,0.8246591091156006,1,0.8696107864379883,1,0.7240113019943237,1,0.9400016665458679,0,-1,0.5073620796203613,0.5956844753689237,0.2181503931681315,0.2662438286675347,0.41047480901082356,0.7011609112774885,0.06891040802001953,0.08824327256944445,0.4514720916748047,0.3584820641411675,0.03494586944580078,0.10148832533094618,0.40655776659647624,0.7666193644205729,0.07731663386027018,0.17692125108506945,-1,-1,-1,-1,-0.44413062567742156,0.39616481041622886,0,1,0,0,1,0.19706846777577125,0.03702814600732167,0.0,0.7606677169791987,0,0.1046961899338191,0.06106275382564839,0.23551435847203925,0.7011609112774885,0.05586937432257843,-0.061883717425405056
train,dataset/images/train/images3_frame_00000.jpg,standing,1,0.8651617169380188,1,0.9453439712524414,0,-1,1,0.9142107963562012,0,-1,0.5584439595540365,0.49153374565972224,0.19468485514322917,0.24538201226128473,0.6261760711669921,0.5103229098849826,0.052749888102213545,0.11079191984953704,-1,-1,-1,-1,0.4074295997619629,0.7758607652452257,0.07715358734130859,0.16868896484375,-1,-1,-1,-1,0.34790642324553384,0.07657107402499237,1,0,0,0,0,-1,0.26487720742595283,-1,0.0,0,0.12233613028465855,-1,0.27243813908987363,0.5103229098849826,0.8479064232455338,0.1976749702784407
train,dataset/images/train/images3_frame_00001.jpg,standing,1,0.8944374918937683,1,0.8962679505348206,0,-1,1,0.9555004835128784,0,-1,0.5547910531361898,0.4931872049967448,0.21440521876017252,0.25276099310980904,0.6285164833068848,0.5116569236472801,0.06253286997477213,0.12210727267795139,-1,-1,-1,-1,0.4065006415049235,0.7757958306206597,0.07844711939493815,0.16991486725983795,-1,-1,-1,-1,0.34386024088882894,0.07307187087412396,1,0,0,0,0,-1,0.2671450846681985,-1,0.0,0,0.14089788929313415,-1,0.2459591458091348,0.5116569236472801,0.8438602408888289,0.1853812211642838
train,dataset/images/train/images3_frame_00002.jpg,standing,1,0.8992584943771362,1,0.9590964913368225,0,-1,1,0.9473868012428284,0,-1,0.5366535027821858,0.46533388208459925,0.20911003748575846,0.25375990691008393,0.6081746737162272,0.5022580464680989,0.06465015411376954,0.13090938991970485,-1,-1,-1,-1,0.4067215919494629,0.7752178615993923,0.07918821970621745,0.16459633156105324,-1,-1,-1,-1,0.34202648420888127,0.14550826737410194,1,0,0,0,0,-1,0.25329398694107125,-1,0.0,0,0.15949331222563642,-1,0.24563081250658414,0.5022580464680989,0.8420264842088813,0.09655226631357261
train,dataset/images/train/images3_frame_00003.jpg,standing,1,0.8999810218811035,1,0.9509197473526001,0,-1,1,0.9471374750137329,0,-1,0.5310418923695882,0.4635267187047888,0.21033569971720378,0.2614972715024595,0.6045695622762044,0.501194339328342,0.06642036437988282,0.12821740044487848,-1,-1,-1,-1,0.406307586034139,0.7751293606228299,0.07928527196248372,0.16531982421875,-1,-1,-1,-1,0.349572944609375,0.14404594130994197,0,0,1,0,0,-1,0.25109970427300293,-1,0.0,0,0.15483461870770815,-1,0.23830727617116487,0.501194339328342,0.849572944609375,0.11079394725143345
train,dataset/images/train/images3_frame_00005.jpg,standing,1,0.8858323097229004,1,0.7125900983810425,0,-1,1,0.9474865198135376,0,-1,0.5333271026611328,0.47244371484827113,0.20097427368164061,0.26364302458586514,0.605116335550944,0.5051554927119503,0.05903460184733073,0.13309880009403935,-1,-1,-1,-1,0.40604039827982585,0.7754613240559896,0.08074165980021158,0.16951486093026621,-1,-1,-1,-1,0.35720608202585724,0.12407602255004968,0,0,1,0,0,-1,0.2504985592214816,-1,0.0,0,0.14829415225376522,-1,0.25831444783640706,0.5051554927119503,0.8572060820258572,0.12350159627162566
train,dataset/images/train/images3_frame_00006.jpg,standing,1,0.8849879503250122,1,0.9648033380508423,1,0.07588090747594833,1,0.9700385332107544,0,-1,0.5335804939270019,0.47272926613136573,0.21585140228271485,0.2688221119068287,0.606624984741211,0.5024032310203269,0.06472193400065104,0.1324030558268229,0.4248516877492269,0.4691162109375,0.05172293980916341,0.1265174018012153,0.4067252000172933,0.7767866346571181,0.0783354123433431,0.1688174777560764,-1,-1,-1,-1,0.33840174324435374,0.11038513416353916,1,0,0,0,0,0.1827351026975205,0.25254893518895577,0.0,0.0,1,0.14768270275284964,0.11277519914062994,0.22790595762388358,0.5024032310203269,0.8384017432443538,0.14334967788809627
train,dataset/images/train/images3_frame_00007.jpg,eating,1,0.9307982325553894,1,0.6655489206314087,1,0.13436612486839294,1,0.9610926508903503,0,-1,0.5738401095072428,0.6297758314344618,0.1862031936645508,0.21263359917534722,0.4985024452209473,0.6345336066351996,0.04457931518554688,0.07175253408926505,0.4971395174662272,0.6354222615559896,0.045859336853027344,0.07822107385706019,0.4072278499603271,0.7776109483506944,0.07489805221557617,0.16731669108072916,-1,-1,-1,-1,-0.40459920586549153,0.022375462858127006,0,1,0,0,0,0.0014517026124006925,0.1216891279446129,0.983783579492621,0.0,0,0.08078888614645434,0.09060090343250199,0.31651243348043484,0.6345336066351996,0.09540079413450846,0.3089011219160067
train,dataset/images/train/images3_frame_00008.jpg,eating,1,0.9641414284706116,1,0.6757489442825317,1,0.05425896495580673,1,0.9551257491111755,0,-1,0.5486073176066081,0.6285764906141493,0.2277515411376953,0.20496566207320602,0.45926809310913086,0.6277858592845775,0.055504226684570314,0.08054300944010416,0.44333324432373045,0.6271343089916088,0.0940511703491211,0.14679768880208333,0.40640484491984047,0.7773857399269387,0.07750530242919922,0.16765984429253472,-1,-1,-1,-1,-0.3922661688750725,-0.0038573843129361615,0,1,0,0,0,0.015939062892584205,0.09937672871295646,1.0,0.0,0,0.09576602795920623,0.295761055921012,0.27836718624176404,0.6277858592845775,0.10773383112492749,0.3073781091372308
train,dataset/images/train/images3_frame_00010.jpg,eating,1,0.901762068271637,1,0.8548319935798645,1,0.09272820502519608,1,0.06363710016012192,0,-1,0.5643545309702556,0.5925118340386285,0.22381423314412435,0.2651791042751736,0.48262453079223633,0.5181792506465206,0.05266380310058594,0.08848303335684317,0.44485960006713865,0.37875152870460793,0.03998241424560547,0.1149441471806279,0.507410717010498,0.602451409233941,0.03989467620849609,0.08760500307436343,-1,-1,-1,-1,-0.3651689127625296,-0.28031086233315644,1,0,0,0,0,0.08704686012256874,0.053492129266498004,0.0,0.01739728264703222,0,0.07851365951133246,0.07743349755470245,0.05888665062936031,0.5181792506465206,0.1348310872374704,0.6134745016804234
train,dataset/images/train/images3_frame_00011.jpg,standing,1,0.8695791959762573,1,0.5221258401870728,1,0.07942039519548416,1,0.1804516762495041,0,-1,0.5761332511901855,0.4982844176115813,0.17655086517333984,0.2894041555899161,0.5328276634216309,0.41150521172417537,0.08169905344645183,0.11340721978081597,0.4494326591491699,0.3661288932517723,0.037180328369140626,0.10275028370044849,0.6298603057861328,0.6867017957899305,0.04128125508626302,0.06371527777777777,-1,-1,-1,-1,-0.24528674909656614,-0.2998547332899102,1,0,0,0,0,0.08721359101889847,0.18269586421969336,0.0,0.0,0,0.18133561749585558,0.07476901127183883,0.05147802311863851,0.41150521172417537,0.2547132509034339,0.6039224745605067
train,dataset/images/train/images3_frame_00012.jpg,head_down,1,0.9007279276847839,1,0.8963961601257324,1,0.05555833503603935,1,0.9557835459709167,0,-1,0.585521936416626,0.681498690004702,0.1524725914001465,0.2979753847475405,0.5250280857086181,0.8118747287326389,0.0531458854675293,0.06940714518229167,0.45165057182312013,0.6761460480866609,0.09252462387084961,0.14759284125434027,0.40620168050130206,0.7776841905381945,0.07594680786132812,0.1654510498046875,-1,-1,-1,-1,-0.39675229595363,0.4375396271017418,0,1,0,0,1,0.10589231517962641,0.12037271798418386,0.0,0.0,0,0.08118983486703539,0.30057333550439397,0.27657115350272704,0.8118747287326389,0.10324770404637004,-0.05400418883239758
train,dataset/images/train/images3_frame_00013.jpg,eating,1,0.8282005190849304,1,0.5300599932670593,1,0.08632862567901611,1,0.9367132186889648,0,-1,0.5474170843760172,0.6142139576099537,0.22397864659627278,0.21016190140335647,0.4551931063334147,0.6235921223958333,0.04512920379638672,0.07539435492621528,0.45540943145751955,0.6238581339518229,0.046079762776692706,0.07463028519241899,0.40633424123128253,0.777376471625434,0.07782821655273438,0.16689893934461805,-1,-1,-1,-1,-0.4117534391965436,0.044623524641035875,0,1,0,0,0,0.00026303259338773403,0.0993482672075238,0.9898656904148321,0.0,0,0.07228295457714012,0.07305748722541915,0.2759497788003251,0.6235921223958333,0.08824656080345637,0.27600439501811896
train,dataset/images/train/images3_frame_00014.jpg,eating,1,0.8474559783935547,1,0.8520216345787048,1,0.5406891703605652,1,0.9374829530715942,0,-1,0.5606297016143799,0.6596707944516782,0.19173460006713866,0.2661044650607639,0.4728540420532227,0.7651045057508681,0.051393318176269534,0.06635165744357639,0.4423806190490723,0.6727812025282118,0.09186166127522787,0.1865319146050347,0.4049578030904134,0.7776726616753472,0.07869892120361328,0.16461769386574074,-1,-1,-1,-1,-0.4577977033379541,0.3962117331444042,0,1,0,0,1,0.060212518560834885,0.06826330152907349,0.4117598845120791,0.0,0,0.06683528136477647,0.3358418313045575,0.25391750308956046,0.7651045057508681,0.042202296662045884,-0.02088393176464392
train,dataset/images/train/images3_frame_00016.jpg,head_down,1,0.895074725151062,1,0.9792947173118591,1,0.5418603420257568,1,0.9468047022819519,0,-1,0.5820796012878418,0.6991197374131944,0.15293331146240235,0.33417697482638886,0.523272959391276,0.8311742146809896,0.04936676025390625,0.07677714029947917,0.44374880790710447,0.6731807002314815,0.08956079483032227,0.18057816116898148,0.4058388868967692,0.7772953457302517,0.07621971766153972,0.1647126939561632,-1,-1,-1,-1,-0.3845247404521348,0.39516330332572996,0,1,0,0,1,0.11925689855884143,0.12128176851907671,0.0,0.0,0,0.07416311171556281,0.3164495991290532,0.24564944679403908,0.8311742146809896,0.11547525954786518,-0.01003827389987905
train,dataset/images/train/images3_frame_00018.jpg,eating,1,0.7156219482421875,1,0.7739232778549194,1,0.11897552013397217,1,0.9648475050926208,0,-1,0.5473741372426351,0.6443059850622106,0.22068573633829752,0.24008766456886574,0.45688352584838865,0.6927799648708768,0.052000999450683594,0.07089894612630208,0.44640865325927737,0.6837932727955006,0.07204742431640625,0.0982076574254919,0.4059347629547119,0.7799138387044271,0.07556009292602539,0.16613532172309028,-1,-1,-1,-1,-0.41004286410033286,0.2019011676243867,0,1,0,0,0,0.011630826507797067,0.07069675663998862,0.9913143947035413,0.10922790455852549,0,0.06958367457438812,0.13354256082855737,0.2369247052157488,0.6927799648708768,0.08995713589966715,0.15044662739120077
train,dataset/images/train/images3_frame_00019.jpg,eating,1,0.7971774339675903,1,0.7227116227149963,1,0.08173687756061554,1,0.950847327709198,0,-1,0.5399174531300862,0.6357828776041666,0.23243366877237956,0.22793748643663195,0.44414987564086916,0.6808274163140191,0.05468908945719401,0.07043779161241319,0.44764413833618166,0.6849218863028067,0.06583137512207031,0.0733367919921875,0.405153226852417,0.7762893676757813,0.0784989356994629,0.16561720106336805,-1,-1,-1,-1,-0.41202110690341315,0.1976179496143347,0,1,0,0,0,0.004185011676862601,0.0663637232259263,0.9624495638157636,0.16166164772673944,0,0.07270957933019463,0.09112552499271746,0.24538861943677162,0.6808274163140191,0.08797889309658684,0.14787084489337488
train,dataset/images/train/images3_frame_00020.jpg,eating,1,0.7779327630996704,1,0.6666494011878967,1,0.4300428628921509,1,0.9284972548484802,0,-1,0.5593379338582357,0.6436709933810764,0.18967552185058595,0.24303961859809028,0.4799461364746094,0.7379922654893664,0.05800755818684896,0.08482581244574652,0.44376087188720703,0.6746356257685908,0.12468439737955729,0.18513110125506366,0.4056693553924561,0.7782721625434028,0.07880258560180664,0.1650916205512153,-1,-1,-1,-1,-0.41856638436543225,0.38809010914499137,0,1,0,0,1,0.05078826878756058,0.07765564944110018,0.802902103706119,0.0,0,0.10673927525600993,0.50072944739584,0.28221307798623474,0.7379922654893664,0.08143361563456772,-0.062600365816397
train,dataset/images/train/images3_frame_00022.jpg,head_down,1,0.8748822212219238,1,0.8405672907829285,1,0.5987902283668518,1,0.953826367855072,0,-1,0.562825886408488,0.672353023952908,0.180823548634847,0.3024035983615451,0.49518842697143556,0.8018502129448785,0.052178573608398435,0.07845391167534722,0.44212568600972496,0.6620464748806424,0.08882010777791341,0.15637715657552084,0.4053184509277344,0.7770999484592014,0.07589187622070312,0.16479661729600695,-1,-1,-1,-1,-0.3740522733222027,0.42822634946673926,0,1,0,0,1,0.09486749488138943,0.09094193389210933,0.0,0.0,0,0.07486259243792148,0.25400523374476874,0.22871868216376612,0.8018502129448785,0.12594772667779727,-0.05794357522135801
train,dataset/images/train/images3_frame_00023.jpg,head_down,1,0.7638086080551147,1,0.8091806769371033,1,0.7404407262802124,1,0.949978232383728,0,-1,0.5398069381713867,0.6587665134006077,0.1941761016845703,0.27515654387297456,0.4541682243347168,0.7762035793728299,0.04381338755289713,0.06862962510850694,0.4326771259307861,0.674291483561198,0.07025575637817383,0.17235344780815973,0.40471553802490234,0.7771613226996528,0.0760205586751302,0.16491800944010418,-1,-1,-1,-1,-0.4410363226664519,0.4268009196482596,0,1,0,0,1,0.06122161742282097,0.049455620650632595,0.21962109025559756,0.2388376564483947,0,0.05627854178172703,0.2266346271057286,0.2346515987074811,0.7762035793728299,0.058963677333548126,-0.05151106490322702
train,dataset/images/train/images3_frame_00024.jpg,head_down,1,0.7964795827865601,1,0.672461986541748,1,0.2900904715061188,1,0.937660813331604,0,-1,0.5797281106313069,0.6796817355685764,0.13995224634806316,0.34539207175925923,0.523645289738973,0.8300173441569011,0.05419842402140299,0.06655324300130208,0.4520557403564453,0.6392550998263888,0.10265579223632812,0.1570900245949074,0.4055755615234375,0.7763437906901042,0.0765390396118164,0.16347757975260416,-1,-1,-1,-1,-0.40072826521737454,0.4352607395490816,0,1,0,0,1,0.12899287194917494,0.12186869891131083,0.0,0.0,0,0.07462144297855362,0.33361059027736417,0.2588504771894729,0.8300173441569011,0.09927173478262548,-0.0316052251973946
train,dataset/images/train/images3_frame_00025.jpg,head_down,1,0.8878485560417175,1,0.8126727342605591,1,0.08700208365917206,1,0.9488456845283508,0,-1,0.5685833136240641,0.6620512220594618,0.16027167638142903,0.31774845829716436,0.489841365814209,0.8032608032226562,0.05520636240641276,0.0700344509548611,0.448284387588501,0.6488251297562211,0.08652791976928711,0.15032789442274305,0.40548113187154133,0.776664055718316,0.0757463773091634,0.1646236843532986,-1,-1,-1,-1,-0.4913029525095746,0.44440681764420265,0,1,0,0,1,0.0962984468334731,0.08567654715153496,0.0,0.0,0,0.07592077431052059,0.255420414812702,0.2448578052629543,0.8032608032226562,0.008697047490425373,-0.05461105172637649
train,dataset/images/train/images3_frame_00027.jpg,head_down,1,0.9421513080596924,1,0.3809678852558136,1,0.19937968254089355,1,0.9205067157745361,0,-1,0.5624834060668945,0.7304334004720052,0.2235565185546875,0.20337134467230902,0.47680158615112306,0.6901936848958333,0.049281883239746097,0.10246141221788195,0.44339685440063475,0.6292391459147135,0.07851905822753906,0.10104319254557291,0.4076206843058268,0.7858401828342014,0.07989425659179687,0.18140665690104166,-1,-1,-1,-1,-0.3832669271722067,-0.1978632517821519,1,0,0,0,0,0.04786929649711388,0.08763881257286905,0.24639272684341912,0.0,0,0.1110632901704333,0.17450386233121948,0.3187804519755013,0.6901936848958333,0.11673307282779333,0.445956051229937
train,dataset/images/train/images3_frame_00028.jpg,standing,1,0.9303765296936035,1,0.516832172870636,1,0.09890655428171158,1,0.44081223011016846,0,-1,0.520317014058431,0.627048647845233,0.26686820983886717,0.3827344823766638,0.4137043793996175,0.47763616773817275,0.05509188969930013,0.09491822984483507,0.41358137130737305,0.6376178882740162,0.07461872100830078,0.165020751953125,0.38863131205240886,0.7228485107421875,0.04110844930013021,0.07356194390190972,-1,-1,-1,-1,-0.39949544654713764,-0.39038154905524713,0,1,0,1,0,0.08998980187203724,0.14019229504268202,0.0,0.0,0,0.05119680576501125,0.1205568601705412,0.02960669008559175,0.47763616773817275,0.10050455345286237,0.7663814468755037
train,dataset/images/train/images3_frame_00029.jpg,head_down,1,0.888098418712616,1,0.1213846281170845,1,0.05811693146824837,1,0.4820030629634857,0,-1,0.539133342107137,0.7319268968370226,0.261974302927653,0.16931271023220487,0.41855430603027344,0.7171420627170139,0.03454933166503906,0.05925564236111111,0.44988698959350587,0.6705297399450232,0.09029769897460938,0.17161865234375,0.3884933312733968,0.7221266004774306,0.039682992299397785,0.07021382649739584,-1,-1,-1,-1,-0.4602704720629137,-0.0873226475421245,0,1,0,0,0,0.040855790906107504,0.03019144765886224,0.8998967637933509,0.20420618533935453,0,0.046155249825225855,0.3493758772477762,0.06281723255465152,0.7171420627170139,0.03972952793708627,0.4123338877501259
train,dataset/images/train/images4_frame_00000.jpg,standing,1,0.9390376210212708,1,0.944517970085144,0,-1,1,0.7579076290130615,0,-1,0.46641268730163576,0.6064714502405237,0.3169316291809082,0.4051443029333044,0.33635973930358887,0.5113142366762514,0.07329015731811524,0.19527132952654802,-1,-1,-1,-1,0.38937808672587076,0.7265041775173611,0.04523121515909831,0.07895439995659723,-1,-1,-1,-1,-0.4103501702690935,-0.2348723970084734,0,1,0,0,0,-1,0.13214642570487575,-1,0.0,0,0.11145737684164811,-1,0.027812451647910637,0.5113142366762514,0.08964982973090653,0.49388254707999746
train,dataset/images/train/images4_frame_00001.jpg,standing,1,0.952152669429779,1,0.8835402131080627,0,-1,1,0.7964588403701782,0,-1,0.4706827163696289,0.5747511263246889,0.30688451131184896,0.45930534645363136,0.3508813222249349,0.41367194564254195,0.08548316955566407,0.13817712289315684,-1,-1,-1,-1,0.3895485242207845,0.7202858818901909,0.04691295623779297,0.07724609375,-1,-1,-1,-1,-0.3903794089593352,-0.3507017323570575,0,1,0,1,0,-1,0.17675171963240946,-1,0.0,0,0.0837992808563406,-1,0.025709454226305974,0.41367194564254195,0.10962059104066481,0.7002820562526488
train,dataset/images/train/images4_frame_00002.jpg,standing,1,0.9648305177688599,1,0.9311789274215698,0,-1,1,0.8027686476707458,0,-1,0.4763594627380371,0.5719363883689598,0.29689261118570964,0.4681547659414786,0.36435704231262206,0.39282476637098523,0.07195425033569336,0.12625740898980034,-1,-1,-1,-1,0.38945089975992836,0.7203072441948785,0.04521497090657552,0.0759746410228588,-1,-1,-1,-1,-0.3772489317875152,-0.38259061965923524,0,0,0,1,0,-1,0.1859102423960048,-1,0.0,0,0.06536187274506575,-1,0.024715083047463674,0.39282476637098523,0.12275106821248483,0.7477448184679438
train,dataset/images/train/images4_frame_00003.jpg,standing,1,0.9026437997817993,1,0.9504023194313049,0,-1,1,0.8338266611099243,0,-1,0.4583336194356283,0.5988602532280816,0.33259105682373047,0.40978885226779516,0.33145651817321775,0.48666359230324074,0.07460393905639648,0.18234953703703705,-1,-1,-1,-1,0.3895547389984131,0.7201536390516493,0.044835376739501956,0.07564832899305556,-1,-1,-1,-1,-0.38148079648952776,-0.27379139355289456,1,0,0,0,0,-1,0.14361446044496648,-1,0.0,0,0.0998149783033554,-1,0.024885676753905336,0.48666359230324074,0.11851920351047225,0.5512993271778526
train,dataset/images/train/images4_frame_00005.jpg,standing,1,0.9388854503631592,1,0.9721223711967468,0,-1,1,0.832239031791687,0,-1,0.4610734780629476,0.5893514421251085,0.3246575991312663,0.430963389078776,0.337041441599528,0.4580017937554253,0.07556285858154296,0.1848027547200521,-1,-1,-1,-1,0.3893181800842285,0.7198115030924479,0.04516468048095703,0.07657798484519676,-1,-1,-1,-1,-0.38203952963155713,-0.3047814540591375,0,0,0,1,0,-1,0.15627127014129777,-1,0.0,0,0.09980467144005581,-1,0.024719343090073728,0.4580017937554253,0.11796047036844287,0.5903748949369287
train,dataset/images/train/images4_frame_00006.jpg,head_down,1,0.8946660161018372,1,0.05800958350300789,0,-1,1,0.8875465393066406,0,-1,0.519095532099406,0.657092030843099,0.22499430974324544,0.3115476820203993,0.43839588165283205,0.5380523681640625,0.05062046051025391,0.059494696723090275,-1,-1,-1,-1,0.39010831514994304,0.7217968410915798,0.043260351816813154,0.07086260760271991,-1,-1,-1,-1,-0.35867418397676426,-0.38209131233800053,1,0,0,0,0,-1,0.11407982645816586,-1,0.0,0,0.042964354150693745,-1,0.04373318602665548,0.5380523681640625,0.14132581602323577,0.7866088225674704
train,dataset/images/train/images4_frame_00007.jpg,standing,1,0.9676147103309631,1,0.9085126519203186,0,-1,1,0.8621506094932556,0,-1,0.4772034009297689,0.5747586850766783,0.2961896896362305,0.4630597149884259,0.36463608741760256,0.39666383531358507,0.07142076492309571,0.1211517333984375,-1,-1,-1,-1,0.38868815104166665,0.7216917249891494,0.04468994140625,0.0730487964771412,-1,-1,-1,-1,-0.3800514246475543,-0.38460449915740264,0,1,0,1,0,-1,0.1844034925670225,-1,0.0,0,0.0630880628943701,-1,0.023802134970045796,0.39666383531358507,0.11994857535244569,0.7537879656985748
train,dataset/images/train/images4_frame_00008.jpg,standing,1,0.9541876316070557,1,0.9117346405982971,0,-1,1,0.7623081207275391,0,-1,0.4715104579925537,0.5827624003092448,0.30837106704711914,0.43915896945529515,0.34563318888346356,0.4288507249620226,0.07166455586751302,0.13011593288845485,-1,-1,-1,-1,0.3890692234039307,0.7236248440212674,0.044344425201416016,0.07772363733362268,-1,-1,-1,-1,-0.40820064707904685,-0.35046916049130106,0,1,0,0,0,-1,0.1714053434447818,-1,0.0,0,0.06885563895032404,-1,0.02545052618296927,0.4288507249620226,0.09179935292095316,0.7023269819883293
train,dataset/images/train/images4_frame_00009.jpg,standing,1,0.9723304510116577,1,0.9234248399734497,0,-1,1,0.8616846799850464,0,-1,0.4800766944885254,0.57655029296875,0.29939276377360025,0.4640835232204861,0.3662041187286377,0.39763514200846356,0.07251062393188476,0.12291819254557292,-1,-1,-1,-1,0.388863484064738,0.7219894409179688,0.04489482243855794,0.07217034233940972,-1,-1,-1,-1,-0.3803451169781703,-0.385523600835283,0,1,0,1,0,-1,0.1838510032702532,-1,0.0,0,0.06414759206639109,-1,0.023319410884665468,0.39763514200846356,0.11965488302182971,0.753092490490546
train,dataset/images/train/images4_frame_00010.jpg,standing,1,0.9216870069503784,1,0.7972612977027893,0,-1,1,0.7679292559623718,0,-1,0.49201602935791017,0.5769171396891276,0.2845727284749349,0.5262699551052518,0.38529248237609864,0.370746824476454,0.07337923049926758,0.11409089830186632,-1,-1,-1,-1,0.389053742090861,0.7221934000651041,0.0437745730082194,0.07424079047309028,-1,-1,-1,-1,-0.3750308314987102,-0.39175771524224756,0,1,0,1,0,-1,0.197724476723218,-1,0.0,0,0.05590135026104582,-1,0.021700145771300857,0.370746824476454,0.12496916850128978,0.7833619221753142
train,dataset/images/train/images4_frame_00011.jpg,standing,1,0.8543407917022705,1,0.43678346276283264,0,-1,1,0.8582035303115845,0,-1,0.5051276048024496,0.6192318386501736,0.22549804051717123,0.42654012044270834,0.42660325368245444,0.4510895905671296,0.06590576171875,0.08443354853877315,-1,-1,-1,-1,0.3895222028096517,0.7232460869683159,0.04178155263264974,0.06852484809027778,-1,-1,-1,-1,-0.3482263124766073,-0.39420031088406926,1,0,0,0,0,-1,0.15751491683656554,-1,0.0,0,0.05785431637748672,-1,0.029766652429286243,0.4510895905671296,0.1517736875233927,0.7952253909502315
train,dataset/images/train/images4_frame_00013.jpg,standing,1,0.9250845909118652,1,0.8599022626876831,0,-1,1,0.8075119256973267,0,-1,0.4914487997690837,0.5691121984411169,0.2718702634175619,0.5220026086877894,0.3876403172810872,0.37250110484935617,0.0749114990234375,0.11830921879521122,-1,-1,-1,-1,0.38871302604675295,0.7235482109917535,0.04350957870483398,0.0752921775535301,-1,-1,-1,-1,-0.3818309556295915,-0.3766477222901277,0,1,0,0,0,-1,0.19746691088967558,-1,0.0,0,0.062450035986106614,-1,0.023083430677600342,0.37250110484935617,0.11816904437040847,0.7633252821086342
train,dataset/images/train/images4_frame_00014.jpg,standing,1,0.9253217577934265,1,0.819178581237793,0,-1,1,0.8187667727470398,0,-1,0.49447518984476724,0.5992442660861546,0.24120581944783528,0.279134284125434,0.4248530387878418,0.5311353188973886,0.10905609130859376,0.15345021000614872,-1,-1,-1,-1,0.3889263153076172,0.720326006854022,0.0433258056640625,0.07612406412760417,-1,-1,-1,-1,-0.2886420867303427,-0.24400065152211803,0,1,0,1,0,-1,0.11232050213104115,-1,0.0,0,0.24855153662382293,-1,0.04898551193197716,0.5311353188973886,0.2113579132696573,0.46913257057869456
train,dataset/images/train/images4_frame_00015.jpg,standing,1,0.9014479517936707,1,0.9509168267250061,0,-1,1,0.851484477519989,0,-1,0.4646649996439616,0.5800395259150752,0.32695255279541013,0.3687819869429977,0.3380566596984863,0.48533223470052084,0.07489439646402994,0.1638477466724537,-1,-1,-1,-1,0.38861034711201986,0.7218184859664352,0.042991224924723306,0.07194146050347222,-1,-1,-1,-1,-0.38723765532028176,-0.2568110552243248,0,1,0,0,0,-1,0.14230576660763192,-1,0.0,0,0.10177365366756647,-1,0.025651019875477292,0.48533223470052084,0.11276234467971824,0.5346638890480935
train,dataset/images/train/images4_frame_00017.jpg,standing,1,0.9280617237091064,1,0.7810505628585815,0,-1,1,0.9045137763023376,0,-1,0.4636906623840332,0.5557818801314742,0.32726777394612633,0.39526313499168114,0.3367582321166992,0.42347615559895835,0.07613194783528646,0.1348904079861111,-1,-1,-1,-1,0.38781099319458007,0.7219211154513889,0.043742434183756514,0.07100694444444444,-1,-1,-1,-1,-0.38785496273222786,-0.33472821728062363,0,1,0,1,0,-1,0.1754665135528411,-1,0.0,0,0.07938865720325158,-1,0.02401121952229583,0.42347615559895835,0.11214503726777215,0.6640945355068983
train,dataset/images/train/images4_frame_00018.jpg,standing,1,0.8926090002059937,1,0.8159171342849731,1,0.2051757276058197,1,0.17429599165916443,0,-1,0.5294462998708089,0.6465310414632162,0.272591241200765,0.36707890828450523,0.4222424507141113,0.5131340874565973,0.0610745112101237,0.10648837619357639,0.2903545061747233,0.3723966669153284,0.04845078786214193,0.15637938887984665,0.4571533203125,0.4020357767740885,0.06544202168782552,0.13009151882595485,-1,-1,-1,-1,-0.39327693980358436,-0.3634013041774369,0,1,0,1,0,0.15382293497446442,0.07158295074822679,0.0,0.03134575442116063,0,0.06499663546036943,0.07571972475174336,0.0850813481816607,0.5131340874565973,0.10672306019641564,0.7183529592708393
train,dataset/images/train/images4_frame_00019.jpg,eating,1,0.9040165543556213,1,0.5830786824226379,1,0.06268142908811569,1,0.9236573576927185,0,-1,0.5432281970977784,0.5772808922661675,0.2128291130065918,0.4573390536838108,0.46254615783691405,0.3799476623535156,0.050054740905761716,0.0784730699327257,0.46519476572672525,0.36167999550148294,0.04893150329589844,0.12201557865849248,0.38948898315429686,0.7216011895073785,0.04205195109049479,0.07079659921151621,-1,-1,-1,-1,-0.37909305790493686,-0.43148125733666653,0,0,0,1,0,0.010611423589142464,0.20559801817406062,0.9358656815188247,0.0,0,0.04035492428099843,0.061338693108852385,0.030586460523457357,0.3799476623535156,0.12090694209506313,0.8456881577744986
train,dataset/images/train/images4_frame_00020.jpg,eating,1,0.9425214529037476,1,0.8374320864677429,1,0.055730871856212616,1,0.9107959866523743,0,-1,0.5629129727681478,0.5878876580132378,0.17845439910888672,0.44558563232421877,0.4956174850463867,0.39818897953739874,0.04646085103352864,0.07626088460286458,0.4685514450073242,0.36852522956000433,0.06348915100097656,0.17094768948025174,0.3893692970275879,0.7211061265733507,0.04157721201578776,0.07162984212239583,-1,-1,-1,-1,-0.3771018706056088,-0.42572889409910286,0,1,0,1,0,0.03179604418876767,0.21043310639996984,0.6006984451931261,0.0,0,0.044558499967206754,0.1364910949554807,0.037453371723045116,0.39818897953739874,0.12289812939439121,0.84015512435581
train,dataset/images/train/images4_frame_00022.jpg,eating,1,0.9210432767868042,1,0.5802175402641296,1,0.5678851008415222,1,0.9261419773101807,0,-1,0.541885232925415,0.5847548449480975,0.22092123031616212,0.4586727283619068,0.4622436841328939,0.39807264539930554,0.061234474182128906,0.09305318196614583,0.4615633964538574,0.376312580815068,0.04613685607910156,0.17850208988896124,0.3892707347869873,0.7226064046223958,0.04168977737426758,0.06917182074652778,-1,-1,-1,-1,-0.36049748898530715,-0.40700523053878623,0,0,0,1,0,0.012258926570157754,0.19659512023634934,0.7534457786291642,0.0,0,0.056232429768793515,0.08127386817084788,0.028458919778434913,0.39807264539930554,0.13950251101469283,0.8055677826459566
train,dataset/images/train/images4_frame_00023.jpg,eating,1,0.8732406497001648,1,0.3352566957473755,1,0.10983093082904816,1,0.9105893969535828,0,-1,0.5492743651072184,0.5555121669062861,0.17288935979207357,0.4853769655580874,0.4830959320068359,0.35157739144784433,0.05234667460123698,0.07355194091796875,0.4701222896575928,0.331088383992513,0.034298038482666014,0.1089154561360677,0.38945465087890624,0.7217695448133681,0.04175923665364583,0.0710205078125,-1,-1,-1,-1,-0.38277909745268524,-0.4201575062878339,0,1,0,0,0,0.017353459542654708,0.22831931093979083,0.5576361433258182,0.0,0,0.045881309739089014,0.04451551166501724,0.035341818825346365,0.35157739144784433,0.11722090254731478,0.8443896535288978
train,dataset/images/train/images4_frame_00024.jpg,eating,1,0.9448401927947998,1,0.518974244594574,1,0.13779093325138092,1,0.8953081965446472,0,-1,0.5315662384033203,0.5844689121952763,0.20665639241536457,0.4097647490324797,0.44921531677246096,0.41332261827256944,0.03852691650390625,0.08033243815104167,0.46698617935180664,0.3530744058114511,0.04258098602294922,0.14771607010452836,0.389479923248291,0.7210196601019965,0.04312330881754557,0.07240611888744213,-1,-1,-1,-1,-0.39849201211903434,-0.41766963685092656,0,0,0,1,0,0.03826630198104431,0.1830979528544099,0.39586420380025206,0.0,0,0.036548685502748875,0.07427796909418283,0.03687261233733596,0.41332261827256944,0.10150798788096568,0.8196470051571079
train,dataset/images/train/images4_frame_00025.jpg,eating,1,0.9317066669464111,1,0.5083014369010925,1,0.2258213460445404,1,0.897855281829834,0,-1,0.5521924018859863,0.6139955873842593,0.2026974360148112,0.45315732602719905,0.475772762298584,0.4440284446433738,0.04858379364013672,0.09293382432725694,0.4577148914337158,0.3652557231761791,0.03892068862915039,0.1415005436650029,0.3889372666676839,0.7211199159975406,0.04123989741007487,0.07270745171440972,-1,-1,-1,-1,-0.3770133509819943,-0.375073143428964,1,0,0,0,0,0.04784801249298172,0.17842078083285412,0.21877945656769177,0.0,0,0.04915503073572622,0.059957202818185895,0.032643689563841026,0.4440284446433738,0.12298664901800571,0.7725327904548636
train,dataset/images/train/images4_frame_00028.jpg,eating,1,0.8977562785148621,1,0.6780376434326172,1,0.05328868329524994,1,0.9373147487640381,0,-1,0.5587424914042155,0.5915799458821615,0.18461182912190754,0.4488062540690104,0.48478002548217775,0.40276188320583767,0.041896629333496097,0.08388934665256076,0.46280946731567385,0.37368816799587673,0.050177001953125,0.1601617318612558,0.3898290157318115,0.7214652732566551,0.0432642936706543,0.07175428602430556,-1,-1,-1,-1,-0.4006377395957493,-0.42071174580221044,0,1,0,1,0,0.027389004929179773,0.20286365539262313,0.5744198962938009,0.0,0,0.04241968811874762,0.0969940379462085,0.037467873033363616,0.40276188320583767,0.09936226040425072,0.8272534373539713
train,dataset/images/train/images4_frame_00029.jpg,eating,1,0.8580671548843384,1,0.7793108224868774,1,0.05527269467711449,1,0.9092382192611694,0,-1,0.5508580843607584,0.5719836764865451,0.16734917958577475,0.44990776909722224,0.4903107166290283,0.38121058146158854,0.05314493179321289,0.08350999620225695,0.475173282623291,0.36721733940972223,0.04628067016601563,0.12734951443142362,0.38998185793558754,0.7217361450195312,0.042504278818766277,0.07133653428819445,-1,-1,-1,-1,-0.3618025967118448,-0.424027118730932,0,1,0,1,0,0.017061584818871177,0.21623045129628268,0.6505863458139305,0.0,0,0.05894585040838371,0.07827982609755645,0.040271478828548354,0.38121058146158854,0.13819740328815525,0.8312192123795628
