epoch,time,train/box_loss,train/cls_loss,train/dfl_loss,metrics/precision(B),metrics/recall(B),metrics/mAP50(B),metrics/mAP50-95(B),val/box_loss,val/cls_loss,val/dfl_loss,lr/pg0,lr/pg1,lr/pg2
1,3.69829,2.07661,4.33773,1.46387,0.00114,0.02,0.00011,0.0001,1.50151,3.97493,1.27953,5.555e-05,5.555e-05,5.555e-05
2,5.59375,1.70088,4.02773,1.29599,0.01011,0.18,0.14106,0.09733,1.30549,3.8117,1.09559,0.000121,0.000121,0.000121
3,7.19458,1.60709,3.74936,1.21494,0.01279,0.27,0.18537,0.13464,1.1962,3.72626,1.02576,0.00018513,0.00018513,0.00018513
4,8.7012,1.56627,3.36886,1.1943,0.00938,0.27,0.16776,0.12288,1.24897,3.75825,1.0355,0.000247941,0.000247941,0.000247941
5,10.1922,1.49539,2.96249,1.16075,0.00965,0.22,0.17826,0.13321,1.18015,3.68134,0.99909,0.000309431,0.000309431,0.000309431
6,11.7773,1.48857,2.66388,1.14862,0.01177,0.22,0.18869,0.1528,1.21959,3.60867,1.01898,0.000369602,0.000369602,0.000369602
7,13.4513,1.46181,2.48093,1.10646,0.0096,0.22,0.19518,0.14943,1.14633,3.43322,0.9828,0.000428453,0.000428453,0.000428453
8,14.967,1.33333,2.22248,1.08023,0.00922,0.22,0.19917,0.15329,1.15628,3.4128,0.97798,0.000485984,0.000485984,0.000485984
9,16.5818,1.35595,2.23156,1.08188,1,0.16596,0.199,0.16998,1.17159,3.45199,0.99196,0.000542195,0.000542195,0.000542195
10,18.1585,1.36053,2.07589,1.09723,1,0.16307,0.19718,0.15595,1.1293,3.29676,0.97505,0.000597086,0.000597086,0.000597086
11,19.7124,1.29977,1.87446,1.05446,1,0.11553,0.26883,0.19123,1.15599,3.13889,0.98607,0.000650657,0.000650657,0.000650657
12,21.4028,1.37066,1.84667,1.06363,1,0.0801,0.41416,0.27223,1.25204,2.97561,1.01627,0.000702909,0.000702909,0.000702909
13,23.0599,1.33499,1.74885,1.04414,1,0.05965,0.51546,0.33767,1.23006,2.84248,1.02536,0.00075384,0.00075384,0.00075384
14,24.6479,1.27361,1.59702,1.09281,1,0.18348,0.54945,0.35439,1.24319,2.61711,1.02802,0.000803452,0.000803452,0.000803452
15,26.3347,1.31033,1.51069,1.06987,1,0.18348,0.54945,0.35439,1.24319,2.61711,1.02802,0.000851744,0.000851744,0.000851744
16,28.0316,1.24704,1.52798,1.02816,0.99243,0.31534,0.54706,0.36266,1.24726,2.23605,1.02697,0.000898716,0.000898716,0.000898716
17,29.6785,1.33317,1.47247,1.04306,0.94645,0.45439,0.5371,0.33528,1.37293,2.02927,1.06251,0.000935018,0.000935018,0.000935018
18,31.2925,1.23571,1.50547,1.03974,0.89665,0.48901,0.53064,0.34148,1.31555,1.90611,1.03627,0.000924019,0.000924019,0.000924019
19,32.9714,1.24268,1.43293,1.03342,0.89665,0.48901,0.53064,0.34148,1.31555,1.90611,1.03627,0.00091302,0.00091302,0.00091302
20,34.6508,1.25086,1.54292,1.04942,0.90434,0.43657,0.54063,0.3696,1.27578,1.90303,1.0247,0.000902021,0.000902021,0.000902021
21,36.2698,1.22671,1.42832,1.04986,0.95656,0.51093,0.54559,0.36953,1.23825,1.51604,1.02389,0.000891022,0.000891022,0.000891022
22,37.7308,1.17983,1.30874,1.02135,0.96393,0.52814,0.54874,0.36444,1.25235,1.34981,1.02379,0.000880023,0.000880023,0.000880023
23,39.1938,1.1551,1.29053,0.95455,0.96393,0.52814,0.54874,0.36444,1.25235,1.34981,1.02379,0.000869024,0.000869024,0.000869024
24,40.7715,1.16695,1.3117,0.99029,0.94561,0.55817,0.563,0.36131,1.24209,1.21172,1.03686,0.000858025,0.000858025,0.000858025
25,42.3352,1.18789,1.393,1.01687,0.93261,0.55797,0.552,0.36996,1.23586,1.19488,1.03835,0.000847026,0.000847026,0.000847026
26,43.9374,1.1426,1.34339,1.00838,0.92871,0.55933,0.54571,0.37946,1.19673,1.15822,1.0266,0.000836027,0.000836027,0.000836027
27,45.4396,1.11823,1.2509,0.9939,0.92871,0.55933,0.54571,0.37946,1.19673,1.15822,1.0266,0.000825029,0.000825029,0.000825029
28,47.0396,1.1525,1.27736,1.01729,0.92443,0.56,0.54341,0.37517,1.20009,1.09205,1.01434,0.00081403,0.00081403,0.00081403
29,48.5953,1.14937,1.23755,1.04144,0.99054,0.55736,0.57261,0.39612,1.18137,0.99259,1.00539,0.000803031,0.000803031,0.000803031
30,50.2689,1.13616,1.25963,1.01818,0.98151,0.54,0.57505,0.3908,1.24279,1.01872,1.03168,0.000792032,0.000792032,0.000792032
31,52.1933,1.13267,1.24701,1.01002,0.98151,0.54,0.57505,0.3908,1.24279,1.01872,1.03168,0.000781033,0.000781033,0.000781033
32,54.2078,1.12301,1.21316,0.99166,0.98176,0.55488,0.5651,0.38174,1.27006,1.05109,1.03113,0.000770034,0.000770034,0.000770034
33,55.8665,1.10141,1.20928,0.97785,0.94902,0.56,0.58671,0.38061,1.29795,1.09243,1.03421,0.000759035,0.000759035,0.000759035
34,57.54,1.0516,1.17695,0.98012,0.76188,0.56,0.61205,0.40131,1.28525,1.06325,1.03124,0.000748036,0.000748036,0.000748036
35,59.2892,1.09871,1.09757,0.99968,0.76188,0.56,0.61205,0.40131,1.28525,1.06325,1.03124,0.000737037,0.000737037,0.000737037
36,60.9582,1.02834,1.08707,0.95599,0.74902,0.56,0.64602,0.43638,1.19553,0.99479,1.00349,0.000726038,0.000726038,0.000726038
37,62.6765,1.04314,1.00843,0.95957,0.74565,0.56,0.69936,0.47876,1.15758,0.92533,0.99816,0.00071504,0.00071504,0.00071504
38,64.6525,1.022,1.04883,0.98257,0.74492,0.56,0.79597,0.5244,1.15921,0.88533,1.00502,0.000704041,0.000704041,0.000704041
39,66.4537,1.05365,1.06418,1.00511,0.74492,0.56,0.79597,0.5244,1.15921,0.88533,1.00502,0.000693042,0.000693042,0.000693042
40,68.0737,0.9595,0.99117,0.93815,0.70818,0.56,0.79523,0.53353,1.14469,0.89293,1.01006,0.000682043,0.000682043,0.000682043
41,69.6445,0.96324,0.95403,0.96069,0.73486,0.76,0.78784,0.55374,1.11306,0.86448,1.00424,0.000671044,0.000671044,0.000671044
42,71.3904,1.0462,1.00302,0.96696,0.76148,0.76,0.78838,0.55984,1.12877,0.83979,1.01242,0.000660045,0.000660045,0.000660045
43,72.9538,0.98729,1.01655,0.95559,0.76148,0.76,0.78838,0.55984,1.12877,0.83979,1.01242,0.000649046,0.000649046,0.000649046
44,74.495,0.95269,0.94564,0.96581,0.77532,0.76,0.79211,0.53016,1.13154,0.79439,1.00911,0.000638047,0.000638047,0.000638047
45,76.0202,0.96902,1.0055,0.97209,0.98173,0.75657,0.79034,0.53457,1.12788,0.7931,1.00955,0.000627048,0.000627048,0.000627048
46,77.5203,1.00063,0.96429,0.93572,0.97552,0.76,0.78528,0.54959,1.11201,0.80022,1.01003,0.000616049,0.000616049,0.000616049
47,79.0939,1.00069,0.95656,0.94961,0.97552,0.76,0.78528,0.54959,1.11201,0.80022,1.01003,0.000605051,0.000605051,0.000605051
48,80.612,0.94819,0.97264,0.95119,0.96051,0.76,0.77956,0.54632,1.07157,0.79986,0.99261,0.000594052,0.000594052,0.000594052
49,82.1953,0.93589,0.93028,0.94243,0.9638,0.76,0.78375,0.55045,1.06844,0.80898,0.99597,0.000583053,0.000583053,0.000583053
50,83.7682,0.96306,0.91901,0.96961,0.96666,0.76,0.79694,0.58187,1.07251,0.78884,1.00245,0.000572054,0.000572054,0.000572054
51,85.2814,0.92373,0.89403,0.92982,0.96666,0.76,0.79694,0.58187,1.07251,0.78884,1.00245,0.000561055,0.000561055,0.000561055
52,86.893,0.98555,0.9237,0.96084,0.97389,0.7553,0.83141,0.59383,1.08113,0.77053,1.01147,0.000550056,0.000550056,0.000550056
53,88.7055,0.92753,0.85826,0.93038,0.95005,0.76,0.79104,0.57072,1.10514,0.75427,1.01249,0.000539057,0.000539057,0.000539057
54,90.5831,0.86966,0.8214,0.91742,0.9433,0.76,0.78628,0.54462,1.11437,0.75487,1.01282,0.000528058,0.000528058,0.000528058
55,92.5187,0.88339,0.91153,0.95046,0.9433,0.76,0.78628,0.54462,1.11437,0.75487,1.01282,0.000517059,0.000517059,0.000517059
56,94.9905,0.92536,0.89632,0.92406,0.93329,0.76,0.78,0.54653,1.11298,0.74301,1.00619,0.00050606,0.00050606,0.00050606
57,97.2856,0.9129,0.89281,0.92373,0.94393,0.76,0.78019,0.55277,1.1035,0.75675,0.99715,0.000495062,0.000495062,0.000495062
58,99.1492,0.88529,0.87017,0.92842,0.93034,0.76,0.75474,0.53301,1.12638,0.75294,1.00541,0.000484063,0.000484063,0.000484063
