epoch,time,train/box_loss,train/seg_loss,train/cls_loss,train/dfl_loss,train/sem_loss,metrics/precision(B),metrics/recall(B),metrics/mAP50(B),metrics/mAP50-95(B),metrics/precision(M),metrics/recall(M),metrics/mAP50(M),metrics/mAP50-95(M),val/box_loss,val/seg_loss,val/cls_loss,val/dfl_loss,val/sem_loss,lr/pg0,lr/pg1,lr/pg2
1,2.82516,2.12683,6.86069,3.17127,2.30627,0,0.00333,1,0.7346,0.24241,0.0025,0.75,0.13319,0.04605,1.34079,4.99042,2.88958,1.74919,0,0.0001,0.0001,0.0001
2,4.64178,1.46375,4.71902,3.03694,1.77,0,0.00333,1,0.82031,0.56241,0.00333,1,0.82311,0.47053,0.67737,2.43396,2.62317,1.20024,0,0.000217278,0.000217278,0.000217278
3,6.64161,0.63501,1.44179,2.3737,1.05598,0,0.00333,1,0.995,0.91102,0.00333,1,0.995,0.72854,0.32616,1.78891,2.53007,0.95417,0,0.000331585,0.000331585,0.000331585
4,8.70044,0.51362,1.03794,1.92586,0.96518,0,0.00333,1,0.995,0.87987,0.00333,1,0.995,0.86972,0.38249,1.09268,2.51588,0.96566,0,0.000442923,0.000442923,0.000442923
5,10.6846,0.6292,1.03643,1.71045,0.9963,0,0.00333,1,0.995,0.89725,0.00333,1,0.995,0.79123,0.40108,1.70795,2.52318,1.02437,0,0.00055129,0.00055129,0.00055129
6,12.5906,0.61461,0.89567,1.44395,0.98708,0,0.00333,1,0.995,0.87175,0.00333,1,0.995,0.82947,0.44231,1.18545,2.54471,1.03652,0,0.000656688,0.000656688,0.000656688
7,14.5209,0.61534,0.99863,1.2822,0.95322,0,0.00333,1,0.97577,0.85367,0.00333,1,0.97577,0.87146,0.47782,0.98443,2.54339,1.07101,0,0.000759115,0.000759115,0.000759115
8,16.4539,0.63665,0.93669,1.17805,1.02059,0,0.00333,1,0.995,0.67374,0.00333,1,0.995,0.78337,0.82473,1.41756,2.5579,1.25584,0,0.000858572,0.000858572,0.000858572
9,18.3219,0.69094,0.92113,1.09207,1.01665,0,0.00333,1,0.995,0.64337,0.00333,1,0.995,0.70043,0.76091,2.31253,2.42439,1.22382,0,0.00095506,0.00095506,0.00095506
10,20.2099,0.65293,0.99986,1.05519,1.01579,0,1,0.74015,0.995,0.85215,1,0.74015,0.995,0.84821,0.61842,1.30169,2.05073,1.12802,0,0.00104858,0.00104858,0.00104858
11,22.0914,0.59765,0.75201,0.99723,0.95521,0,1,0.94754,0.995,0.89656,1,0.94754,0.995,0.92514,0.4977,0.76974,1.96848,1.03446,0,0.00113912,0.00113912,0.00113912
12,23.9255,0.56998,0.71081,0.94947,0.91013,0,0.96741,1,0.995,0.89644,0.96741,1,0.995,0.89117,0.45325,0.71562,1.63788,1.00644,0,0.0012267,0.0012267,0.0012267
13,25.9858,0.60994,0.81131,0.94291,0.96212,0,0.97949,1,0.995,0.90896,0.97949,1,0.995,0.87923,0.5474,0.9103,1.70101,1.09238,0,0.00131131,0.00131131,0.00131131
14,27.8518,0.5829,0.77108,0.92112,0.95856,0,1,0.89739,0.995,0.8697,1,0.89739,0.995,0.84561,0.59467,1.39688,1.87655,1.11228,0,0.00139295,0.00139295,0.00139295
15,29.6711,0.5758,0.70567,0.91038,0.92915,0,1,0.89739,0.995,0.8697,1,0.89739,0.995,0.84561,0.59467,1.39688,1.87655,1.11228,0,0.00147161,0.00147161,0.00147161
16,31.6207,0.46151,0.6585,0.88976,0.88737,0,1,0.98447,0.995,0.91625,1,0.98447,0.995,0.93667,0.38545,0.66412,1.61661,0.97665,0,0.00154731,0.00154731,0.00154731
17,33.5273,0.48244,0.62932,0.84195,0.8866,0,0.98988,1,0.995,0.89644,0.98988,1,0.995,0.9504,0.5063,0.4376,1.27086,1.04042,0,0.001604,0.001604,0.001604
18,35.4419,0.52985,0.61775,0.94032,0.9383,0,0.99992,1,0.995,0.8875,0.99992,1,0.995,0.95945,0.47081,0.45399,1.65572,1.00357,0,0.00157925,0.00157925,0.00157925
19,37.3878,0.48979,0.50047,0.82945,0.91664,0,0.99992,1,0.995,0.8875,0.99992,1,0.995,0.95945,0.47081,0.45399,1.65572,1.00357,0,0.0015545,0.0015545,0.0015545
20,39.2001,0.5772,0.74054,0.83236,0.94905,0,0.99589,1,0.995,0.88058,0.99589,1,0.995,0.94267,0.5127,0.49688,1.02199,1.04861,0,0.00152975,0.00152975,0.00152975
21,41.1535,0.53916,0.75802,0.85119,0.94987,0,0.99587,1,0.995,0.9665,0.99587,1,0.995,0.96917,0.38595,0.55381,0.91714,0.9713,0,0.001505,0.001505,0.001505
22,43.371,0.53819,0.79628,0.78326,0.93604,0,0.99572,1,0.995,0.90828,0.99572,1,0.995,0.98633,0.44872,0.49796,0.85276,0.99282,0,0.00148025,0.00148025,0.00148025
23,45.3247,0.45183,0.55289,0.75338,0.87238,0,0.99572,1,0.995,0.90828,0.99572,1,0.995,0.98633,0.44872,0.49796,0.85276,0.99282,0,0.0014555,0.0014555,0.0014555
24,47.4963,0.44252,0.58944,0.74882,0.8856,0,0.99566,1,0.995,0.97445,0.99566,1,0.995,0.9684,0.31562,0.49162,0.8298,0.94025,0,0.00143075,0.00143075,0.00143075
25,49.6299,0.4668,0.57159,0.73914,0.91803,0,0.99539,1,0.995,0.91225,0.99539,1,0.995,0.95945,0.38862,0.42597,0.83215,0.95693,0,0.001406,0.001406,0.001406
26,51.709,0.43067,0.58193,0.72022,0.89053,0,0.99575,1,0.995,0.9261,0.99575,1,0.995,0.95489,0.31415,0.52353,0.68778,0.9247,0,0.00138125,0.00138125,0.00138125
27,53.7181,0.39676,0.61497,0.69003,0.90983,0,0.99575,1,0.995,0.9261,0.99575,1,0.995,0.95489,0.31415,0.52353,0.68778,0.9247,0,0.0013565,0.0013565,0.0013565
28,55.6518,0.42506,0.53229,0.6836,0.90527,0,0.99589,1,0.995,0.951,0.99589,1,0.995,0.98633,0.4117,0.4249,0.79266,0.97941,0,0.00133175,0.00133175,0.00133175
29,57.6566,0.50233,0.63852,0.76161,0.90519,0,0.99582,1,0.995,0.91987,0.99582,1,0.995,0.995,0.32858,0.45157,0.70967,0.93053,0,0.001307,0.001307,0.001307
30,59.8684,0.43492,0.51599,0.70484,0.89997,0,0.99573,1,0.995,0.953,0.99573,1,0.995,0.995,0.31985,0.45419,0.66519,0.94697,0,0.00128225,0.00128225,0.00128225
31,62.139,0.48386,0.5038,0.71839,0.9019,0,0.99573,1,0.995,0.953,0.99573,1,0.995,0.995,0.31985,0.45419,0.66519,0.94697,0,0.0012575,0.0012575,0.0012575
32,64.3494,0.449,0.46544,0.68499,0.90814,0,0.99587,1,0.995,0.901,0.99587,1,0.995,0.995,0.46329,0.37862,0.68076,0.99115,0,0.00123275,0.00123275,0.00123275
33,66.5331,0.50452,0.53998,0.672,0.88678,0,0.99567,1,0.995,0.90242,0.99567,1,0.995,0.995,0.45912,0.32314,0.59045,0.99811,0,0.001208,0.001208,0.001208
34,68.6364,0.40855,0.51515,0.65644,0.88702,0,0.99581,1,0.995,0.95608,0.99581,1,0.995,0.995,0.33953,0.32434,0.70646,0.96759,0,0.00118325,0.00118325,0.00118325
35,70.5472,0.4357,0.49967,0.61074,0.88219,0,0.99581,1,0.995,0.95608,0.99581,1,0.995,0.995,0.33953,0.32434,0.70646,0.96759,0,0.0011585,0.0011585,0.0011585
36,72.7003,0.40191,0.44369,0.60362,0.86997,0,0.99591,1,0.995,0.95753,0.99591,1,0.995,0.995,0.32204,0.31524,0.63752,0.9482,0,0.00113375,0.00113375,0.00113375
37,74.7101,0.35847,0.40957,0.57578,0.8718,0,0.99589,1,0.995,0.96508,0.99589,1,0.995,0.995,0.3026,0.30343,0.5698,0.9361,0,0.001109,0.001109,0.001109
38,76.7197,0.40492,0.44661,0.61714,0.89383,0,0.99584,1,0.995,0.92963,0.99584,1,0.995,0.995,0.35044,0.29818,0.53838,0.951,0,0.00108425,0.00108425,0.00108425
39,79.0187,0.39741,0.53489,0.59678,0.90323,0,0.99584,1,0.995,0.92963,0.99584,1,0.995,0.995,0.35044,0.29818,0.53838,0.951,0,0.0010595,0.0010595,0.0010595
40,81.1206,0.39779,0.45126,0.59512,0.89557,0,0.99581,1,0.995,0.94325,0.99581,1,0.995,0.995,0.31927,0.30321,0.50134,0.9377,0,0.00103475,0.00103475,0.00103475
41,83.3964,0.40922,0.46116,0.60704,0.85874,0,0.99582,1,0.995,0.97937,0.99582,1,0.995,0.995,0.26795,0.31557,0.46236,0.918,0,0.00101,0.00101,0.00101
42,85.7106,0.40519,0.43884,0.55885,0.87733,0,0.99583,1,0.995,0.98142,0.99583,1,0.995,0.995,0.27315,0.31508,0.43354,0.92097,0,0.00098525,0.00098525,0.00098525
43,88.1799,0.38984,0.43335,0.54442,0.88743,0,0.99583,1,0.995,0.98142,0.99583,1,0.995,0.995,0.27315,0.31508,0.43354,0.92097,0,0.0009605,0.0009605,0.0009605
44,90.8756,0.40179,0.45238,0.58512,0.86179,0,0.99573,1,0.995,0.98558,0.99573,1,0.995,0.98558,0.28486,0.33958,0.39524,0.9201,0,0.00093575,0.00093575,0.00093575
45,93.2971,0.39242,0.45764,0.57974,0.87861,0,0.99574,1,0.995,0.9504,0.99574,1,0.995,0.987,0.32734,0.35366,0.42079,0.92981,0,0.000911,0.000911,0.000911
46,95.9604,0.40529,0.39503,0.55027,0.88094,0,0.99566,1,0.995,0.95733,0.99566,1,0.995,0.987,0.27616,0.34466,0.37281,0.91625,0,0.00088625,0.00088625,0.00088625
47,98.6934,0.38767,0.448,0.54165,0.85684,0,0.99566,1,0.995,0.95733,0.99566,1,0.995,0.987,0.27616,0.34466,0.37281,0.91625,0,0.0008615,0.0008615,0.0008615
48,101.075,0.38236,0.44426,0.56063,0.85689,0,0.99586,1,0.995,0.95833,0.99586,1,0.995,0.987,0.22995,0.3322,0.30757,0.91,0,0.00083675,0.00083675,0.00083675
49,103.751,0.37129,0.42957,0.50829,0.88964,0,0.99593,1,0.995,0.97271,0.99593,1,0.995,0.97617,0.23744,0.34816,0.33042,0.91961,0,0.000812,0.000812,0.000812
50,106.269,0.34891,0.38445,0.50736,0.87198,0,0.99595,1,0.995,0.93374,0.99595,1,0.995,0.9835,0.31684,0.3038,0.37069,0.93582,0,0.00078725,0.00078725,0.00078725
51,108.858,0.38786,0.48156,0.53744,0.87869,0,0.99595,1,0.995,0.93374,0.99595,1,0.995,0.9835,0.31684,0.3038,0.37069,0.93582,0,0.0007625,0.0007625,0.0007625
52,111.623,0.3621,0.4107,0.51356,0.87575,0,0.99584,1,0.995,0.95433,0.99584,1,0.995,0.995,0.30114,0.27801,0.37921,0.92355,0,0.00073775,0.00073775,0.00073775
53,114.073,0.32616,0.36749,0.48097,0.8549,0,0.99583,1,0.995,0.98633,0.99583,1,0.995,0.995,0.2856,0.30112,0.36696,0.92358,0,0.000713,0.000713,0.000713
54,116.191,0.33395,0.41251,0.48576,0.81929,0,0.9958,1,0.995,0.98633,0.9958,1,0.995,0.995,0.26858,0.30369,0.34234,0.91478,0,0.00068825,0.00068825,0.00068825
55,118.577,0.31,0.36415,0.50466,0.87054,0,0.9958,1,0.995,0.98633,0.9958,1,0.995,0.995,0.26858,0.30369,0.34234,0.91478,0,0.0006635,0.0006635,0.0006635
56,120.941,0.31452,0.34319,0.48485,0.85908,0,0.99579,1,0.995,0.987,0.99579,1,0.995,0.987,0.2386,0.29018,0.32678,0.90546,0,0.00063875,0.00063875,0.00063875
57,123.457,0.32287,0.39678,0.48845,0.84954,0,0.99587,1,0.995,0.995,0.99587,1,0.995,0.995,0.24479,0.29287,0.31904,0.90905,0,0.000614,0.000614,0.000614
58,125.956,0.32881,0.4054,0.47281,0.8654,0,0.99593,1,0.995,0.9725,0.99593,1,0.995,0.995,0.25708,0.32584,0.32932,0.91311,0,0.00058925,0.00058925,0.00058925
59,128.714,0.34691,0.39076,0.48705,0.88407,0,0.99593,1,0.995,0.9725,0.99593,1,0.995,0.995,0.25708,0.32584,0.32932,0.91311,0,0.0005645,0.0005645,0.0005645
60,131.242,0.34002,0.37438,0.47284,0.85905,0,0.99599,1,0.995,0.93983,0.99599,1,0.995,0.995,0.23494,0.33666,0.34604,0.90981,0,0.00053975,0.00053975,0.00053975
61,133.592,0.33144,0.41253,0.4594,0.87385,0,0.99595,1,0.995,0.93983,0.99595,1,0.995,0.96508,0.22531,0.3264,0.32805,0.90901,0,0.000515,0.000515,0.000515
62,136.151,0.30561,0.36639,0.45869,0.88106,0,0.99597,1,0.995,0.95137,0.99597,1,0.995,0.995,0.23165,0.30309,0.33528,0.91005,0,0.00049025,0.00049025,0.00049025
63,138.389,0.32513,0.40343,0.44637,0.86296,0,0.99597,1,0.995,0.95137,0.99597,1,0.995,0.995,0.23165,0.30309,0.33528,0.91005,0,0.0004655,0.0004655,0.0004655
64,141.142,0.3207,0.35709,0.45016,0.86763,0,0.99597,1,0.995,0.98142,0.99597,1,0.995,0.995,0.22284,0.29395,0.31675,0.90949,0,0.00044075,0.00044075,0.00044075
65,143.916,0.30038,0.39371,0.45037,0.85072,0,0.99593,1,0.995,0.98142,0.99593,1,0.995,0.995,0.22264,0.31181,0.30727,0.90916,0,0.000416,0.000416,0.000416
66,146.033,0.3151,0.38255,0.44671,0.86054,0,0.99592,1,0.995,0.98008,0.99592,1,0.995,0.995,0.22633,0.31563,0.32131,0.90825,0,0.00039125,0.00039125,0.00039125
67,148.45,0.281,0.34305,0.43752,0.85624,0,0.99592,1,0.995,0.98008,0.99592,1,0.995,0.995,0.22633,0.31563,0.32131,0.90825,0,0.0003665,0.0003665,0.0003665
68,151.705,0.31179,0.36921,0.45086,0.84323,0,0.99591,1,0.995,0.98008,0.99591,1,0.995,0.995,0.22226,0.29893,0.31729,0.90651,0,0.00034175,0.00034175,0.00034175
69,155.696,0.31121,0.39561,0.44175,0.83526,0,0.99591,1,0.995,0.98008,0.99591,1,0.995,0.995,0.21541,0.29487,0.30579,0.90588,0,0.000317,0.000317,0.000317
70,159.528,0.29825,0.38718,0.42495,0.85973,0,0.99594,1,0.995,0.98008,0.99594,1,0.995,0.995,0.21853,0.29784,0.30602,0.90689,0,0.00029225,0.00029225,0.00029225
71,163.294,0.22369,0.27697,0.66886,0.77938,0,0.99594,1,0.995,0.98008,0.99594,1,0.995,0.995,0.21853,0.29784,0.30602,0.90689,0,0.0002675,0.0002675,0.0002675
72,166.584,0.21972,0.30393,0.657,0.79403,0,0.99594,1,0.995,0.98008,0.99594,1,0.995,0.995,0.21321,0.31105,0.32185,0.9064,0,0.00024275,0.00024275,0.00024275
73,169.916,0.20146,0.29106,0.60912,0.78494,0,0.99587,1,0.995,0.987,0.99587,1,0.995,0.995,0.1995,0.32374,0.34207,0.90393,0,0.000218,0.000218,0.000218
74,173.598,0.1961,0.26365,0.61348,0.7708,0,0.9958,1,0.995,0.987,0.9958,1,0.995,0.995,0.18227,0.33125,0.3631,0.90013,0,0.00019325,0.00019325,0.00019325
75,177.146,0.22081,0.28675,0.64924,0.78538,0,0.9958,1,0.995,0.987,0.9958,1,0.995,0.995,0.18227,0.33125,0.3631,0.90013,0,0.0001685,0.0001685,0.0001685
76,180.544,0.19549,0.27471,0.63579,0.77373,0,0.99575,1,0.995,0.987,0.99575,1,0.995,0.995,0.17383,0.32907,0.36302,0.8968,0,0.00014375,0.00014375,0.00014375
77,183.988,0.19832,0.27395,0.61786,0.76273,0,0.99586,1,0.995,0.987,0.99586,1,0.995,0.995,0.17508,0.32245,0.35425,0.89543,0,0.000119,0.000119,0.000119
78,186.961,0.19689,0.27256,0.62605,0.78987,0,0.99585,1,0.995,0.987,0.99585,1,0.995,0.995,0.17666,0.31698,0.33822,0.8958,0,9.425e-05,9.425e-05,9.425e-05
79,189.455,0.18763,0.27692,0.61169,0.75697,0,0.99585,1,0.995,0.987,0.99585,1,0.995,0.995,0.17666,0.31698,0.33822,0.8958,0,6.95e-05,6.95e-05,6.95e-05
80,192.333,0.19925,0.27637,0.62073,0.79181,0,0.99593,1,0.995,0.987,0.99593,1,0.995,0.995,0.17688,0.31691,0.32345,0.89654,0,4.475e-05,4.475e-05,4.475e-05
